Customer ID,Customer Name,Gender,Age,City,State,Region,Membership Type,Segment
CUST00001,Rohan Patel,Male,24,Noida,Uttar Pradesh,North,Silver,Consumer
CUST00002,Ananya Gupta,Female,53,Mangaluru,Karnataka,South,Gold,Consumer
CUST00003,Priya Das,Female,18,Lucknow,Uttar Pradesh,North,Gold,Consumer
CUST00004,Vivaan Kale,Male,36,Bengaluru,Karnataka,South,Silver,Consumer
CUST00005,Rohan Shinde,Male,70,Jodhpur,Rajasthan,North,Gold,Consumer
CUST00006,Ananya Nair,Female,58,Agra,Uttar Pradesh,North,Silver,Corporate
CUST00007,Aisha Kulkarni,Female,64,Pune,Maharashtra,West,Platinum,Consumer
CUST00008,Asif Shaikh,Male,64,Lucknow,Uttar Pradesh,North,Silver,Corporate
CUST00009,Nadeem Khan,Male,18,Rohini,Delhi,North,Platinum,Consumer
CUST00010,Rohan Joshi,Male,48,Trichy,Tamil Nadu,South,Silver,Consumer
CUST00011,Riya Sharma,Female,47,Pune,Maharashtra,West,Silver,Corporate
CUST00012,Kavya Nair,Female,57,Mumbai,Maharashtra,West,Silver,Corporate
CUST00013,Karan Sharma,Male,52,Lucknow,Uttar Pradesh,North,Gold,Consumer
CUST00014,Sneha Joshi,Female,39,Thane,Maharashtra,West,Silver,Consumer
CUST00015,Vihsal Deshmukh,Male,60,Mangaluru,Karnataka,South,Gold,Corporate
CUST00016,Suresh Nair,Male,59,Surat,Gujarat,West,Gold,Consumer
CUST00017,Vinod Pandey,Male,69,Dwarka,Delhi,North,Silver,Consumer
CUST00018,Vikram Sharma,Male,73,Siliguri,West Bengal,East,Gold,Home Office
CUST00019,Sneha Nair,Female,51,Pune,Maharashtra,West,Gold,Consumer
CUST00020,Rahul Kulkarni,Male,64,Saket,Delhi,North,Silver,Consumer
CUST00021,Vinay Tendulkar,Male,74,Coimbatore,Tamil Nadu,South,Silver,Consumer
CUST00022,Arjun Kulkarni,Male,30,Chennai,Tamil Nadu,South,Silver,Consumer
CUST00023,Priya Iyer,Female,26,Belagavi,Karnataka,South,Silver,Consumer
CUST00024,Rohan Das,Male,43,Udaipur,Rajasthan,North,Gold,Home Office
CUST00025,Amit Das,Male,62,Udaipur,Rajasthan,North,Silver,Consumer
CUST00026,Samiksha Shah,Female,31,Durgapur,West Bengal,East,Silver,Corporate
CUST00027,Karan Sharma,Male,50,Varanasi,Uttar Pradesh,North,Gold,Consumer
CUST00028,Aisha Patel,Female,34,Ahmedabad,Gujarat,West,Gold,Consumer
CUST00029,Ananya Das,Female,24,Noida,Uttar Pradesh,North,Silver,Home Office
CUST00030,Pooja Joshi,Female,54,Rajkot,Gujarat,West,Silver,Home Office
CUST00031,Meera Das,Female,21,Vadodara,Gujarat,West,Silver,Consumer
CUST00032,Neha Joshi,Female,52,Nashik,Maharashtra,West,Silver,Consumer
CUST00033,Amit Sharma,Male,75,Ajmer,Rajasthan,North,Gold,Consumer
CUST00034,Rahul Nair,Male,73,Chennai,Tamil Nadu,South,Silver,Home Office
CUST00035,Kavya Sharma,Female,61,Nashik,Maharashtra,West,Silver,Consumer
CUST00036,Suresh Singh,Male,73,Rajkot,Gujarat,West,Silver,Consumer
CUST00037,Vikram Das,Male,51,Surat,Gujarat,West,Gold,Consumer
CUST00038,Priya Sharma,Female,51,Varanasi,Uttar Pradesh,North,Silver,Consumer
CUST00039,Arjun Sharma,Male,22,Coimbatore,Tamil Nadu,South,Platinum,Consumer
CUST00040,Meera Sharma,Female,64,Pune,Maharashtra,West,Gold,Home Office
CUST00041,Priya Verma,Female,50,Howrah,West Bengal,East,Gold,Corporate
CUST00042,Pooja Nair,Female,60,Trichy,Tamil Nadu,South,Silver,Consumer
CUST00043,Vikram Sharma,Male,48,Surat,Gujarat,West,Gold,Consumer
CUST00044,Vikram Iyer,Male,51,Nashik,Maharashtra,West,Silver,Consumer
CUST00045,Vivaan Kulkarni,Male,60,Saket,Delhi,North,Gold,Corporate
CUST00046,Karan Gupta,Male,74,Kanpur,Uttar Pradesh,North,Silver,Corporate
CUST00047,Vivaan Iyer,Male,27,Mumbai,Maharashtra,West,Silver,Home Office
CUST00048,Ananya Sharma,Female,47,Bengaluru,Karnataka,South,Silver,Consumer
CUST00049,Riya Singh,Female,68,Coimbatore,Tamil Nadu,South,Silver,Consumer
CUST00050,Rohan Iyer,Male,68,Noida,Uttar Pradesh,North,Gold,Consumer
CUST00051,Vivaan Singh,Male,26,Surat,Gujarat,West,Gold,Corporate
CUST00052,Kavya Kulkarni,Female,58,Durgapur,West Bengal,East,Gold,Corporate
CUST00053,Aisha Iyer,Female,50,Nagpur,Maharashtra,West,Gold,Consumer
CUST00054,Amit Iyer,Male,64,Jaipur,Rajasthan,North,Platinum,Consumer
CUST00055,Priya Singh,Female,45,Madurai,Tamil Nadu,South,Silver,Corporate
CUST00056,Karan Sharma,Male,66,Ahmedabad,Gujarat,West,Gold,Corporate
CUST00057,Neha Patel,Female,24,Belagavi,Karnataka,South,Silver,Home Office
CUST00058,Ananya Verma,Female,34,Howrah,West Bengal,East,Silver,Consumer
CUST00059,Suresh Patel,Male,69,Durgapur,West Bengal,East,Gold,Home Office
CUST00060,Riya Singh,Female,71,Mumbai,Maharashtra,West,Gold,Home Office
CUST00061,Kavya Iyer,Female,42,Mysuru,Karnataka,South,Silver,Consumer
CUST00062,Karan Gupta,Male,52,Dwarka,Delhi,North,Silver,Corporate
CUST00063,Sneha Patel,Female,68,Mumbai,Maharashtra,West,Silver,Consumer
CUST00064,Rohan Verma,Male,60,Kolkata,West Bengal,East,Silver,Corporate
CUST00065,Karan Singh,Male,45,Jaipur,Rajasthan,North,Gold,Corporate
CUST00066,Aditya Sharma,Male,46,Chennai,Tamil Nadu,South,Platinum,Consumer
CUST00067,Meera Iyer,Female,23,Dwarka,Delhi,North,Silver,Consumer
CUST00068,Ananya Singh,Female,72,Pune,Maharashtra,West,Silver,Home Office
CUST00069,Karan Joshi,Male,60,Noida,Uttar Pradesh,North,Gold,Consumer
CUST00070,Priya Patel,Female,27,Pune,Maharashtra,West,Gold,Consumer
CUST00071,Aisha Kulkarni,Female,36,Noida,Uttar Pradesh,North,Gold,Consumer
CUST00072,Aarav Das,Male,66,Belagavi,Karnataka,South,Platinum,Consumer
CUST00073,Pooja Kulkarni,Female,41,Jaipur,Rajasthan,North,Gold,Consumer
CUST00074,Meera Das,Female,28,Howrah,West Bengal,East,Silver,Consumer
CUST00075,Aisha Nair,Female,60,Bengaluru,Karnataka,South,Silver,Consumer
CUST00076,Suresh Patel,Male,66,Ajmer,Rajasthan,North,Gold,Corporate
CUST00077,Aisha Iyer,Female,39,Noida,Uttar Pradesh,North,Silver,Consumer
CUST00078,Suresh Gupta,Male,26,Kolkata,West Bengal,East,Gold,Consumer
CUST00079,Neha Kulkarni,Female,59,Trichy,Tamil Nadu,South,Gold,Consumer
CUST00080,Vikram Gupta,Male,61,Vadodara,Gujarat,West,Gold,Consumer
CUST00081,Riya Nair,Female,58,Kolkata,West Bengal,East,Gold,Consumer
CUST00082,Riya Joshi,Female,20,Mumbai,Maharashtra,West,Platinum,Consumer
CUST00083,Suresh Kulkarni,Male,62,Ajmer,Rajasthan,North,Gold,Consumer
CUST00084,Vikram Singh,Male,58,Kota,Rajasthan,North,Silver,Consumer
CUST00085,Rohan Iyer,Male,40,Ahmedabad,Gujarat,West,Gold,Consumer
CUST00086,Suresh Sharma,Male,44,Ajmer,Rajasthan,North,Gold,Consumer
CUST00087,Aditya Iyer,Male,62,Madurai,Tamil Nadu,South,Gold,Consumer
CUST00088,Rahul Kulkarni,Male,30,Lucknow,Uttar Pradesh,North,Silver,Consumer
CUST00089,Arjun Patel,Male,70,Karol Bagh,Delhi,North,Gold,Consumer
CUST00090,Riya Sharma,Female,24,Lucknow,Uttar Pradesh,North,Platinum,Consumer
CUST00091,Aisha Iyer,Female,56,Rohini,Delhi,North,Silver,Consumer
CUST00092,Ananya Singh,Female,62,Vadodara,Gujarat,West,Silver,Consumer
CUST00093,Pooja Kulkarni,Female,48,Thane,Maharashtra,West,Silver,Consumer
CUST00094,Meera Singh,Female,30,Surat,Gujarat,West,Silver,Consumer
CUST00095,Riya Verma,Female,23,Noida,Uttar Pradesh,North,Silver,Consumer
CUST00096,Amit Iyer,Male,54,Agra,Uttar Pradesh,North,Silver,Consumer
CUST00097,Aditya Nair,Male,35,Ajmer,Rajasthan,North,Silver,Consumer
CUST00098,Karan Patel,Male,22,Agra,Uttar Pradesh,North,Silver,Consumer
CUST00099,Aditya Iyer,Male,69,Mysuru,Karnataka,South,Silver,Consumer
CUST00100,Divya Singh,Female,30,Madurai,Tamil Nadu,South,Silver,Corporate
CUST00101,Pooja Das,Female,29,Jaipur,Rajasthan,North,Gold,Consumer
CUST00102,Rahul Sharma,Male,20,Dwarka,Delhi,North,Silver,Consumer
CUST00103,Kavya Gupta,Female,51,Saket,Delhi,North,Gold,Consumer
CUST00104,Karan Gupta,Male,28,Madurai,Tamil Nadu,South,Gold,Consumer
CUST00105,Ananya Das,Female,45,Udaipur,Rajasthan,North,Gold,Consumer
CUST00106,Arjun Singh,Male,50,Rajkot,Gujarat,West,Platinum,Consumer
CUST00107,Aditya Kulkarni,Male,49,Mysuru,Karnataka,South,Silver,Consumer
CUST00108,Aarav Joshi,Male,53,Kanpur,Uttar Pradesh,North,Gold,Corporate
CUST00109,Priya Verma,Female,37,Gandhinagar,Gujarat,West,Silver,Consumer
CUST00110,Arjun Sharma,Male,50,Karol Bagh,Delhi,North,Platinum,Consumer
CUST00111,Aisha Kulkarni,Female,52,Karol Bagh,Delhi,North,Silver,Consumer
CUST00112,Aditya Verma,Male,46,Howrah,West Bengal,East,Gold,Corporate
CUST00113,Vikram Joshi,Male,72,Durgapur,West Bengal,East,Silver,Consumer
CUST00114,Sneha Das,Female,18,New Delhi,Delhi,North,Gold,Consumer
CUST00115,Riya Nair,Female,33,Mysuru,Karnataka,South,Gold,Consumer
CUST00116,Neha Kulkarni,Female,41,Salem,Tamil Nadu,South,Silver,Home Office
CUST00117,Kavya Kulkarni,Female,63,Lucknow,Uttar Pradesh,North,Platinum,Consumer
CUST00118,Aditya Das,Male,69,Siliguri,West Bengal,East,Gold,Home Office
CUST00119,Vikram Iyer,Male,33,Jaipur,Rajasthan,North,Silver,Corporate
CUST00120,Vikram Gupta,Male,51,Mysuru,Karnataka,South,Silver,Consumer
CUST00121,Meera Joshi,Female,54,Nashik,Maharashtra,West,Silver,Corporate
CUST00122,Neha Patel,Female,59,Salem,Tamil Nadu,South,Gold,Home Office
CUST00123,Karan Verma,Male,65,Ajmer,Rajasthan,North,Gold,Consumer
CUST00124,Vikram Nair,Male,51,Chennai,Tamil Nadu,South,Silver,Corporate
CUST00125,Neha Singh,Female,62,Chennai,Tamil Nadu,South,Silver,Consumer
CUST00126,Meera Joshi,Female,38,Surat,Gujarat,West,Gold,Consumer
CUST00127,Arjun Sharma,Male,35,Madurai,Tamil Nadu,South,Silver,Consumer
CUST00128,Aisha Gupta,Female,22,Coimbatore,Tamil Nadu,South,Gold,Home Office
CUST00129,Amit Joshi,Male,41,Mumbai,Maharashtra,West,Gold,Consumer
CUST00130,Aisha Patel,Female,70,Mysuru,Karnataka,South,Gold,Consumer
CUST00131,Pooja Das,Female,48,Durgapur,West Bengal,East,Gold,Consumer
CUST00132,Aisha Kulkarni,Female,47,Howrah,West Bengal,East,Silver,Consumer
CUST00133,Karan Sharma,Male,61,Siliguri,West Bengal,East,Gold,Consumer
CUST00134,Arjun Singh,Male,26,Belagavi,Karnataka,South,Silver,Consumer
CUST00135,Kavya Singh,Female,65,Mumbai,Maharashtra,West,Silver,Corporate
CUST00136,Aditya Singh,Male,39,Nashik,Maharashtra,West,Silver,Consumer
CUST00137,Suresh Verma,Male,71,Kanpur,Uttar Pradesh,North,Silver,Consumer
CUST00138,Meera Das,Female,66,Pune,Maharashtra,West,Gold,Corporate
CUST00139,Aarav Joshi,Male,62,Thane,Maharashtra,West,Silver,Consumer
CUST00140,Aditya Iyer,Male,33,Madurai,Tamil Nadu,South,Gold,Consumer
CUST00141,Vivaan Kulkarni,Male,39,Salem,Tamil Nadu,South,Silver,Consumer
CUST00142,Riya Das,Female,45,Chennai,Tamil Nadu,South,Silver,Consumer
CUST00143,Priya Gupta,Female,52,Ajmer,Rajasthan,North,Gold,Consumer
CUST00144,Arjun Gupta,Male,67,Rohini,Delhi,North,Silver,Consumer
CUST00145,Rohan Iyer,Male,33,Kolkata,West Bengal,East,Platinum,Consumer
CUST00146,Rohan Patel,Male,41,Kanpur,Uttar Pradesh,North,Platinum,Corporate
CUST00147,Suresh Nair,Male,22,Jaipur,Rajasthan,North,Gold,Consumer
CUST00148,Kavya Singh,Female,64,Thane,Maharashtra,West,Silver,Consumer
CUST00149,Aditya Das,Male,73,Belagavi,Karnataka,South,Gold,Consumer
CUST00150,Priya Joshi,Female,35,Mumbai,Maharashtra,West,Silver,Consumer
CUST00151,Aisha Patel,Female,60,Hubli,Karnataka,South,Gold,Home Office
CUST00152,Meera Kulkarni,Female,58,Siliguri,West Bengal,East,Gold,Consumer
CUST00153,Neha Singh,Female,38,Salem,Tamil Nadu,South,Silver,Corporate
CUST00154,Vikram Nair,Male,37,Salem,Tamil Nadu,South,Silver,Home Office
CUST00155,Meera Das,Female,24,Thane,Maharashtra,West,Gold,Consumer
CUST00156,Neha Joshi,Female,26,Rohini,Delhi,North,Silver,Consumer
CUST00157,Aisha Gupta,Female,36,Siliguri,West Bengal,East,Silver,Home Office
CUST00158,Suresh Nair,Male,67,Siliguri,West Bengal,East,Silver,Corporate
CUST00159,Rohan Joshi,Male,22,Salem,Tamil Nadu,South,Silver,Consumer
CUST00160,Neha Iyer,Female,23,Mangaluru,Karnataka,South,Silver,Consumer
CUST00161,Neha Sharma,Female,57,Gandhinagar,Gujarat,West,Gold,Consumer
CUST00162,Neha Verma,Female,67,Vadodara,Gujarat,West,Gold,Consumer
CUST00163,Pooja Sharma,Female,36,Nagpur,Maharashtra,West,Gold,Consumer
CUST00164,Arjun Joshi,Male,70,Bengaluru,Karnataka,South,Silver,Consumer
CUST00165,Aarav Patel,Male,48,Salem,Tamil Nadu,South,Gold,Home Office
CUST00166,Neha Nair,Female,19,Jaipur,Rajasthan,North,Platinum,Consumer
CUST00167,Karan Das,Male,54,Asansol,West Bengal,East,Silver,Consumer
CUST00168,Neha Joshi,Female,72,Nashik,Maharashtra,West,Silver,Consumer
CUST00169,Sneha Gupta,Female,69,Dwarka,Delhi,North,Silver,Consumer
CUST00170,Arjun Iyer,Male,37,Pune,Maharashtra,West,Platinum,Consumer
CUST00171,Amit Joshi,Male,31,Jodhpur,Rajasthan,North,Silver,Consumer
CUST00172,Aisha Patel,Female,20,Coimbatore,Tamil Nadu,South,Silver,Corporate
CUST00173,Aditya Verma,Male,66,Noida,Uttar Pradesh,North,Gold,Consumer
CUST00174,Aarav Verma,Male,60,Rajkot,Gujarat,West,Silver,Consumer
CUST00175,Divya Iyer,Female,67,Rajkot,Gujarat,West,Silver,Home Office
CUST00176,Vivaan Nair,Male,31,Rohini,Delhi,North,Silver,Corporate
CUST00177,Karan Gupta,Male,37,Dwarka,Delhi,North,Silver,Corporate
CUST00178,Rohan Kulkarni,Male,48,Belagavi,Karnataka,South,Silver,Consumer
CUST00179,Ananya Patel,Female,64,Nagpur,Maharashtra,West,Platinum,Home Office
CUST00180,Aarav Kulkarni,Male,20,Ajmer,Rajasthan,North,Silver,Corporate
CUST00181,Sneha Das,Female,30,Belagavi,Karnataka,South,Platinum,Consumer
CUST00182,Pooja Sharma,Female,44,Mangaluru,Karnataka,South,Silver,Home Office
CUST00183,Meera Sharma,Female,26,Salem,Tamil Nadu,South,Silver,Consumer
CUST00184,Meera Iyer,Female,58,Mumbai,Maharashtra,West,Gold,Consumer
CUST00185,Sneha Singh,Female,48,Howrah,West Bengal,East,Gold,Corporate
CUST00186,Rahul Joshi,Male,62,Siliguri,West Bengal,East,Gold,Consumer
CUST00187,Amit Das,Male,53,Karol Bagh,Delhi,North,Silver,Consumer
CUST00188,Priya Verma,Female,25,Ahmedabad,Gujarat,West,Platinum,Consumer
CUST00189,Priya Singh,Female,45,Kolkata,West Bengal,East,Platinum,Consumer
CUST00190,Ananya Joshi,Female,75,Belagavi,Karnataka,South,Silver,Consumer
CUST00191,Aditya Sharma,Male,28,Thane,Maharashtra,West,Silver,Consumer
CUST00192,Vikram Nair,Male,38,Howrah,West Bengal,East,Silver,Home Office
CUST00193,Rohan Das,Male,22,Saket,Delhi,North,Silver,Consumer
CUST00194,Neha Joshi,Female,21,Varanasi,Uttar Pradesh,North,Silver,Consumer
CUST00195,Karan Singh,Male,66,Trichy,Tamil Nadu,South,Gold,Consumer
CUST00196,Riya Kulkarni,Female,37,Kota,Rajasthan,North,Silver,Consumer
CUST00197,Vivaan Das,Male,50,Noida,Uttar Pradesh,North,Silver,Consumer
CUST00198,Priya Sharma,Female,47,Lucknow,Uttar Pradesh,North,Silver,Consumer
CUST00199,Divya Patel,Female,29,Kolkata,West Bengal,East,Silver,Corporate
CUST00200,Meera Verma,Female,70,Vadodara,Gujarat,West,Silver,Consumer
CUST00201,Aisha Nair,Female,38,Rohini,Delhi,North,Silver,Consumer
CUST00202,Suresh Iyer,Male,48,Lucknow,Uttar Pradesh,North,Silver,Consumer
CUST00203,Vikram Sharma,Male,43,Ahmedabad,Gujarat,West,Silver,Consumer
CUST00204,Neha Patel,Female,22,Belagavi,Karnataka,South,Platinum,Consumer
CUST00205,Amit Das,Male,37,Varanasi,Uttar Pradesh,North,Silver,Consumer
CUST00206,Neha Nair,Female,70,Gandhinagar,Gujarat,West,Silver,Consumer
CUST00207,Ananya Singh,Female,59,Hubli,Karnataka,South,Gold,Home Office
CUST00208,Kavya Patel,Female,18,Ahmedabad,Gujarat,West,Silver,Consumer
CUST00209,Aisha Iyer,Female,57,Siliguri,West Bengal,East,Silver,Consumer
CUST00210,Sneha Sharma,Female,44,Madurai,Tamil Nadu,South,Silver,Consumer
CUST00211,Aditya Das,Male,30,Durgapur,West Bengal,East,Silver,Consumer
CUST00212,Sneha Iyer,Female,65,Chennai,Tamil Nadu,South,Gold,Consumer
CUST00213,Ananya Gupta,Female,70,Mumbai,Maharashtra,West,Silver,Corporate
CUST00214,Vivaan Singh,Male,56,Mumbai,Maharashtra,West,Gold,Consumer
CUST00215,Karan Das,Male,30,Trichy,Tamil Nadu,South,Silver,Consumer
CUST00216,Vikram Iyer,Male,60,Chennai,Tamil Nadu,South,Gold,Corporate
CUST00217,Aisha Das,Female,62,Mumbai,Maharashtra,West,Gold,Consumer
CUST00218,Divya Kulkarni,Female,20,Udaipur,Rajasthan,North,Gold,Corporate
CUST00219,Kavya Sharma,Female,33,Durgapur,West Bengal,East,Silver,Consumer
CUST00220,Aarav Nair,Male,73,Pune,Maharashtra,West,Silver,Corporate
CUST00221,Meera Gupta,Female,55,Varanasi,Uttar Pradesh,North,Silver,Consumer
CUST00222,Meera Iyer,Female,63,Durgapur,West Bengal,East,Silver,Consumer
CUST00223,Meera Iyer,Female,66,Rajkot,Gujarat,West,Gold,Consumer
CUST00224,Aditya Iyer,Male,68,Saket,Delhi,North,Gold,Home Office
CUST00225,Rohan Iyer,Male,57,Rohini,Delhi,North,Gold,Consumer
CUST00226,Ananya Joshi,Female,53,Ahmedabad,Gujarat,West,Silver,Consumer
CUST00227,Aarav Das,Male,51,Lucknow,Uttar Pradesh,North,Platinum,Consumer
CUST00228,Amit Singh,Male,23,Rajkot,Gujarat,West,Silver,Consumer
CUST00229,Vikram Das,Male,58,Siliguri,West Bengal,East,Silver,Consumer
CUST00230,Pooja Iyer,Female,56,Rohini,Delhi,North,Silver,Home Office
CUST00231,Rohan Gupta,Male,50,Rohini,Delhi,North,Silver,Consumer
CUST00232,Pooja Iyer,Female,48,Dwarka,Delhi,North,Silver,Consumer
CUST00233,Amit Nair,Male,24,Karol Bagh,Delhi,North,Gold,Home Office
CUST00234,Kavya Patel,Female,72,Dwarka,Delhi,North,Silver,Consumer
CUST00235,Karan Joshi,Male,65,Ajmer,Rajasthan,North,Silver,Consumer
CUST00236,Kavya Joshi,Female,48,Karol Bagh,Delhi,North,Silver,Corporate
CUST00237,Meera Joshi,Female,47,Ahmedabad,Gujarat,West,Gold,Consumer
CUST00238,Rahul Nair,Male,34,Saket,Delhi,North,Silver,Consumer
CUST00239,Rohan Singh,Male,72,Trichy,Tamil Nadu,South,Silver,Home Office
CUST00240,Arjun Joshi,Male,38,Karol Bagh,Delhi,North,Gold,Home Office
CUST00241,Neha Patel,Female,75,Dwarka,Delhi,North,Silver,Consumer
CUST00242,Aarav Verma,Male,38,Dwarka,Delhi,North,Silver,Home Office
CUST00243,Vivaan Singh,Male,47,Siliguri,West Bengal,East,Silver,Home Office
CUST00244,Rohan Patel,Male,32,Trichy,Tamil Nadu,South,Silver,Consumer
CUST00245,Karan Nair,Male,45,Kanpur,Uttar Pradesh,North,Silver,Consumer
CUST00246,Vikram Gupta,Male,42,Udaipur,Rajasthan,North,Platinum,Consumer
CUST00247,Divya Verma,Female,68,Rajkot,Gujarat,West,Platinum,Consumer
CUST00248,Ananya Gupta,Female,48,Coimbatore,Tamil Nadu,South,Silver,Consumer
CUST00249,Riya Verma,Female,73,Salem,Tamil Nadu,South,Silver,Consumer
CUST00250,Rohan Das,Male,73,Saket,Delhi,North,Silver,Consumer
CUST00251,Arjun Singh,Male,64,Lucknow,Uttar Pradesh,North,Silver,Consumer
CUST00252,Aisha Gupta,Female,21,Gandhinagar,Gujarat,West,Silver,Consumer
CUST00253,Karan Verma,Male,31,Vadodara,Gujarat,West,Silver,Corporate
CUST00254,Aditya Verma,Male,45,New Delhi,Delhi,North,Gold,Corporate
CUST00255,Neha Singh,Female,56,Salem,Tamil Nadu,South,Silver,Consumer
CUST00256,Amit Nair,Male,19,Udaipur,Rajasthan,North,Silver,Consumer
CUST00257,Suresh Kulkarni,Male,63,Siliguri,West Bengal,East,Silver,Corporate
CUST00258,Arjun Verma,Male,38,New Delhi,Delhi,North,Platinum,Consumer
CUST00259,Sneha Das,Female,57,Mumbai,Maharashtra,West,Gold,Consumer
CUST00260,Neha Nair,Female,29,Gandhinagar,Gujarat,West,Silver,Consumer
CUST00261,Ananya Gupta,Female,73,Kolkata,West Bengal,East,Gold,Corporate
CUST00262,Neha Patel,Female,31,Noida,Uttar Pradesh,North,Silver,Consumer
CUST00263,Meera Sharma,Female,45,Kolkata,West Bengal,East,Platinum,Consumer
CUST00264,Arjun Nair,Male,66,Chennai,Tamil Nadu,South,Silver,Corporate
CUST00265,Amit Verma,Male,60,Durgapur,West Bengal,East,Gold,Consumer
CUST00266,Vikram Patel,Male,74,Salem,Tamil Nadu,South,Silver,Consumer
CUST00267,Meera Iyer,Female,29,Kanpur,Uttar Pradesh,North,Silver,Consumer
CUST00268,Vikram Gupta,Male,74,Thane,Maharashtra,West,Gold,Consumer
CUST00269,Amit Iyer,Male,57,Coimbatore,Tamil Nadu,South,Gold,Home Office
CUST00270,Ananya Sharma,Female,62,Salem,Tamil Nadu,South,Gold,Consumer
CUST00271,Aditya Verma,Male,74,Mysuru,Karnataka,South,Silver,Consumer
CUST00272,Aarav Joshi,Male,42,Asansol,West Bengal,East,Gold,Consumer
CUST00273,Karan Gupta,Male,55,Coimbatore,Tamil Nadu,South,Silver,Consumer
CUST00274,Divya Verma,Female,25,Kolkata,West Bengal,East,Silver,Consumer
CUST00275,Aisha Gupta,Female,25,Belagavi,Karnataka,South,Gold,Corporate
CUST00276,Pooja Nair,Female,46,Mumbai,Maharashtra,West,Gold,Consumer
CUST00277,Priya Joshi,Female,21,Nashik,Maharashtra,West,Silver,Consumer
CUST00278,Priya Singh,Female,63,Mysuru,Karnataka,South,Gold,Consumer
CUST00279,Pooja Gupta,Female,60,Madurai,Tamil Nadu,South,Silver,Corporate
CUST00280,Aarav Gupta,Male,31,Dwarka,Delhi,North,Silver,Consumer
CUST00281,Suresh Patel,Male,57,Kanpur,Uttar Pradesh,North,Silver,Consumer
CUST00282,Aarav Sharma,Male,40,Rohini,Delhi,North,Silver,Consumer
CUST00283,Karan Sharma,Male,53,Howrah,West Bengal,East,Platinum,Consumer
CUST00284,Aisha Das,Female,51,Mumbai,Maharashtra,West,Silver,Home Office
CUST00285,Karan Verma,Male,43,Surat,Gujarat,West,Gold,Home Office
CUST00286,Rohan Verma,Male,68,Vadodara,Gujarat,West,Silver,Consumer
CUST00287,Aarav Das,Male,63,Mumbai,Maharashtra,West,Silver,Consumer
CUST00288,Suresh Patel,Male,40,Mangaluru,Karnataka,South,Silver,Consumer
CUST00289,Amit Verma,Male,61,Jaipur,Rajasthan,North,Platinum,Consumer
CUST00290,Aditya Nair,Male,54,Saket,Delhi,North,Gold,Corporate
CUST00291,Priya Kulkarni,Female,44,Noida,Uttar Pradesh,North,Gold,Consumer
CUST00292,Neha Gupta,Female,68,Kota,Rajasthan,North,Gold,Consumer
CUST00293,Kavya Nair,Female,56,Kota,Rajasthan,North,Gold,Consumer
CUST00294,Neha Kulkarni,Female,19,Coimbatore,Tamil Nadu,South,Silver,Home Office
CUST00295,Aarav Nair,Male,44,Udaipur,Rajasthan,North,Silver,Corporate
CUST00296,Ananya Das,Female,66,Coimbatore,Tamil Nadu,South,Silver,Consumer
CUST00297,Aarav Gupta,Male,43,Gandhinagar,Gujarat,West,Silver,Consumer
CUST00298,Suresh Kulkarni,Male,25,Siliguri,West Bengal,East,Gold,Consumer
CUST00299,Sneha Kulkarni,Female,58,New Delhi,Delhi,North,Gold,Home Office
CUST00300,Suresh Iyer,Male,22,Nagpur,Maharashtra,West,Silver,Home Office
CUST00301,Aisha Patel,Female,67,Hubli,Karnataka,South,Gold,Consumer
CUST00302,Sneha Joshi,Female,61,New Delhi,Delhi,North,Gold,Corporate
CUST00303,Vivaan Sharma,Male,23,Madurai,Tamil Nadu,South,Silver,Consumer
CUST00304,Priya Patel,Female,25,Udaipur,Rajasthan,North,Platinum,Consumer
CUST00305,Aditya Kulkarni,Male,56,Mysuru,Karnataka,South,Platinum,Consumer
CUST00306,Vivaan Verma,Male,26,Mumbai,Maharashtra,West,Gold,Consumer
CUST00307,Arjun Verma,Male,75,Gandhinagar,Gujarat,West,Silver,Corporate
CUST00308,Pooja Das,Female,44,Madurai,Tamil Nadu,South,Silver,Consumer
CUST00309,Aarav Das,Male,70,Durgapur,West Bengal,East,Gold,Consumer
CUST00310,Rohan Nair,Male,61,Dwarka,Delhi,North,Platinum,Consumer
CUST00311,Aarav Joshi,Male,35,Rohini,Delhi,North,Platinum,Consumer
CUST00312,Riya Nair,Female,45,Lucknow,Uttar Pradesh,North,Gold,Corporate
CUST00313,Sneha Gupta,Female,64,Durgapur,West Bengal,East,Silver,Consumer
CUST00314,Karan Iyer,Male,22,Bengaluru,Karnataka,South,Silver,Consumer
CUST00315,Suresh Patel,Male,44,Lucknow,Uttar Pradesh,North,Silver,Consumer
CUST00316,Priya Singh,Female,42,Mumbai,Maharashtra,West,Silver,Consumer
CUST00317,Aisha Joshi,Female,43,Trichy,Tamil Nadu,South,Gold,Consumer
CUST00318,Divya Das,Female,28,Jaipur,Rajasthan,North,Silver,Consumer
CUST00319,Priya Das,Female,55,Vadodara,Gujarat,West,Platinum,Consumer
CUST00320,Arjun Patel,Male,73,Chennai,Tamil Nadu,South,Silver,Consumer
CUST00321,Priya Joshi,Female,67,Salem,Tamil Nadu,South,Silver,Home Office
CUST00322,Arjun Gupta,Male,73,Pune,Maharashtra,West,Gold,Consumer
CUST00323,Divya Das,Female,30,Jaipur,Rajasthan,North,Silver,Consumer
CUST00324,Ananya Iyer,Female,36,Jodhpur,Rajasthan,North,Platinum,Consumer
CUST00325,Vikram Verma,Male,36,Udaipur,Rajasthan,North,Silver,Home Office
CUST00326,Arjun Kulkarni,Male,66,Dwarka,Delhi,North,Gold,Corporate
CUST00327,Kavya Verma,Female,18,Belagavi,Karnataka,South,Gold,Consumer
CUST00328,Neha Sharma,Female,37,Siliguri,West Bengal,East,Silver,Consumer
CUST00329,Aditya Verma,Male,68,Mysuru,Karnataka,South,Silver,Consumer
CUST00330,Aditya Sharma,Male,38,Varanasi,Uttar Pradesh,North,Silver,Consumer
CUST00331,Rahul Verma,Male,23,Mysuru,Karnataka,South,Silver,Home Office
CUST00332,Priya Joshi,Female,23,Hubli,Karnataka,South,Gold,Consumer
CUST00333,Ananya Das,Female,53,Jaipur,Rajasthan,North,Silver,Consumer
CUST00334,Sneha Das,Female,37,Salem,Tamil Nadu,South,Silver,Home Office
CUST00335,Amit Joshi,Male,38,Howrah,West Bengal,East,Silver,Consumer
CUST00336,Suresh Verma,Male,47,Lucknow,Uttar Pradesh,North,Silver,Consumer
CUST00337,Priya Gupta,Female,36,Ahmedabad,Gujarat,West,Gold,Consumer
CUST00338,Meera Patel,Female,32,Belagavi,Karnataka,South,Gold,Consumer
CUST00339,Divya Singh,Female,25,Kanpur,Uttar Pradesh,North,Silver,Consumer
CUST00340,Rahul Patel,Male,24,Varanasi,Uttar Pradesh,North,Gold,Consumer
CUST00341,Sneha Das,Female,34,Udaipur,Rajasthan,North,Silver,Consumer
CUST00342,Ananya Kulkarni,Female,65,Thane,Maharashtra,West,Gold,Consumer
CUST00343,Amit Kulkarni,Male,36,Mysuru,Karnataka,South,Gold,Consumer
CUST00344,Ananya Das,Female,45,Rajkot,Gujarat,West,Silver,Corporate
CUST00345,Pooja Das,Female,53,Jaipur,Rajasthan,North,Silver,Consumer
CUST00346,Arjun Das,Male,49,Dwarka,Delhi,North,Silver,Consumer
CUST00347,Meera Verma,Female,64,Trichy,Tamil Nadu,South,Gold,Consumer
CUST00348,Priya Singh,Female,68,Belagavi,Karnataka,South,Gold,Corporate
CUST00349,Amit Nair,Male,33,Durgapur,West Bengal,East,Gold,Home Office
CUST00350,Vikram Sharma,Male,51,Asansol,West Bengal,East,Silver,Home Office
CUST00351,Ananya Sharma,Female,22,Kota,Rajasthan,North,Silver,Consumer
CUST00352,Karan Sharma,Male,31,Mumbai,Maharashtra,West,Gold,Consumer
CUST00353,Vikram Das,Male,70,Surat,Gujarat,West,Silver,Consumer
CUST00354,Rahul Das,Male,59,Mumbai,Maharashtra,West,Silver,Consumer
CUST00355,Amit Patel,Male,54,Kolkata,West Bengal,East,Silver,Consumer
CUST00356,Vikram Verma,Male,53,Pune,Maharashtra,West,Silver,Consumer
CUST00357,Karan Sharma,Male,35,Ajmer,Rajasthan,North,Silver,Consumer
CUST00358,Meera Verma,Female,32,Trichy,Tamil Nadu,South,Silver,Consumer
CUST00359,Arjun Kulkarni,Male,48,Trichy,Tamil Nadu,South,Gold,Corporate
CUST00360,Amit Kulkarni,Male,18,Trichy,Tamil Nadu,South,Silver,Corporate
CUST00361,Karan Singh,Male,24,Jaipur,Rajasthan,North,Silver,Consumer
CUST00362,Aditya Nair,Male,59,Durgapur,West Bengal,East,Silver,Consumer
CUST00363,Amit Kulkarni,Male,49,Karol Bagh,Delhi,North,Gold,Corporate
CUST00364,Vivaan Iyer,Male,49,Vadodara,Gujarat,West,Silver,Consumer
CUST00365,Rahul Gupta,Male,28,Jaipur,Rajasthan,North,Silver,Consumer
CUST00366,Pooja Nair,Female,34,Ahmedabad,Gujarat,West,Silver,Consumer
CUST00367,Aarav Das,Male,37,Jodhpur,Rajasthan,North,Silver,Corporate
CUST00368,Kavya Gupta,Female,65,Hubli,Karnataka,South,Silver,Consumer
CUST00369,Ananya Nair,Female,54,Ajmer,Rajasthan,North,Gold,Consumer
CUST00370,Neha Joshi,Female,26,Bengaluru,Karnataka,South,Gold,Consumer
CUST00371,Neha Joshi,Female,61,Bengaluru,Karnataka,South,Platinum,Consumer
CUST00372,Meera Das,Female,23,Udaipur,Rajasthan,North,Platinum,Corporate
CUST00373,Vikram Joshi,Male,24,Jaipur,Rajasthan,North,Silver,Consumer
CUST00374,Meera Das,Female,62,Nashik,Maharashtra,West,Platinum,Consumer
CUST00375,Meera Iyer,Female,22,Kota,Rajasthan,North,Silver,Consumer
CUST00376,Neha Kulkarni,Female,51,Bengaluru,Karnataka,South,Silver,Consumer
CUST00377,Kavya Patel,Female,40,Ajmer,Rajasthan,North,Silver,Consumer
CUST00378,Priya Das,Female,40,Jaipur,Rajasthan,North,Silver,Corporate
CUST00379,Kavya Nair,Female,52,Lucknow,Uttar Pradesh,North,Platinum,Consumer
CUST00380,Aditya Das,Male,48,Varanasi,Uttar Pradesh,North,Gold,Consumer
CUST00381,Aarav Verma,Male,31,Coimbatore,Tamil Nadu,South,Silver,Consumer
CUST00382,Riya Sharma,Female,23,Siliguri,West Bengal,East,Silver,Consumer
CUST00383,Kavya Sharma,Female,71,Trichy,Tamil Nadu,South,Gold,Consumer
CUST00384,Meera Nair,Female,66,Surat,Gujarat,West,Platinum,Consumer
CUST00385,Aditya Verma,Male,26,Dwarka,Delhi,North,Silver,Consumer
CUST00386,Rohan Singh,Male,73,Dwarka,Delhi,North,Silver,Consumer
CUST00387,Rohan Kulkarni,Male,59,Gandhinagar,Gujarat,West,Gold,Consumer
CUST00388,Divya Verma,Female,21,Lucknow,Uttar Pradesh,North,Platinum,Home Office
CUST00389,Amit Das,Male,54,Udaipur,Rajasthan,North,Silver,Consumer
CUST00390,Aditya Sharma,Male,75,Mangaluru,Karnataka,South,Silver,Consumer
CUST00391,Rahul Gupta,Male,19,Mangaluru,Karnataka,South,Silver,Consumer
CUST00392,Neha Singh,Female,32,Saket,Delhi,North,Platinum,Consumer
CUST00393,Divya Patel,Female,24,Kota,Rajasthan,North,Silver,Consumer
CUST00394,Meera Nair,Female,42,Salem,Tamil Nadu,South,Silver,Consumer
CUST00395,Pooja Gupta,Female,41,Coimbatore,Tamil Nadu,South,Silver,Consumer
CUST00396,Karan Iyer,Male,47,Mysuru,Karnataka,South,Silver,Consumer
CUST00397,Vikram Joshi,Male,18,Ahmedabad,Gujarat,West,Gold,Corporate
CUST00398,Divya Singh,Female,19,Belagavi,Karnataka,South,Silver,Consumer
CUST00399,Arjun Iyer,Male,74,Agra,Uttar Pradesh,North,Gold,Consumer
CUST00400,Suresh Kulkarni,Male,65,Kota,Rajasthan,North,Silver,Corporate
CUST00401,Vivaan Kulkarni,Male,70,Coimbatore,Tamil Nadu,South,Silver,Consumer
CUST00402,Ananya Verma,Female,69,Vadodara,Gujarat,West,Platinum,Consumer
CUST00403,Pooja Gupta,Female,53,Siliguri,West Bengal,East,Silver,Consumer
CUST00404,Kavya Joshi,Female,63,Siliguri,West Bengal,East,Platinum,Consumer
CUST00405,Sneha Kulkarni,Female,26,Salem,Tamil Nadu,South,Silver,Consumer
CUST00406,Suresh Iyer,Male,72,Surat,Gujarat,West,Gold,Consumer
CUST00407,Priya Joshi,Female,37,Rajkot,Gujarat,West,Silver,Corporate
CUST00408,Pooja Gupta,Female,60,Surat,Gujarat,West,Silver,Consumer
CUST00409,Aisha Gupta,Female,64,New Delhi,Delhi,North,Gold,Home Office
CUST00410,Arjun Sharma,Male,48,Rohini,Delhi,North,Silver,Corporate
CUST00411,Rahul Gupta,Male,43,Jodhpur,Rajasthan,North,Gold,Consumer
CUST00412,Vivaan Sharma,Male,67,Udaipur,Rajasthan,North,Platinum,Home Office
CUST00413,Rahul Verma,Male,73,Durgapur,West Bengal,East,Gold,Consumer
CUST00414,Rohan Joshi,Male,61,New Delhi,Delhi,North,Gold,Consumer
CUST00415,Riya Sharma,Female,34,Bengaluru,Karnataka,South,Silver,Consumer
CUST00416,Pooja Kulkarni,Female,56,Coimbatore,Tamil Nadu,South,Platinum,Consumer
CUST00417,Aditya Das,Male,72,Lucknow,Uttar Pradesh,North,Silver,Corporate
CUST00418,Divya Das,Female,56,Kota,Rajasthan,North,Silver,Consumer
CUST00419,Aarav Patel,Male,71,Trichy,Tamil Nadu,South,Platinum,Corporate
CUST00420,Pooja Sharma,Female,47,Mysuru,Karnataka,South,Silver,Consumer
CUST00421,Kavya Sharma,Female,40,Trichy,Tamil Nadu,South,Gold,Consumer
CUST00422,Neha Singh,Female,22,Surat,Gujarat,West,Silver,Consumer
CUST00423,Ananya Gupta,Female,65,Mumbai,Maharashtra,West,Gold,Consumer
CUST00424,Sneha Verma,Female,63,Kanpur,Uttar Pradesh,North,Silver,Consumer
CUST00425,Aditya Joshi,Male,18,Belagavi,Karnataka,South,Platinum,Corporate
CUST00426,Neha Kulkarni,Female,21,Mumbai,Maharashtra,West,Silver,Consumer
CUST00427,Priya Nair,Female,45,Ahmedabad,Gujarat,West,Silver,Consumer
CUST00428,Aarav Nair,Male,22,Lucknow,Uttar Pradesh,North,Silver,Corporate
CUST00429,Rohan Singh,Male,39,Durgapur,West Bengal,East,Silver,Consumer
CUST00430,Sneha Singh,Female,40,Jodhpur,Rajasthan,North,Silver,Corporate
CUST00431,Amit Kulkarni,Male,51,Mangaluru,Karnataka,South,Gold,Corporate
CUST00432,Aisha Gupta,Female,67,Lucknow,Uttar Pradesh,North,Silver,Consumer
CUST00433,Priya Verma,Female,24,Rohini,Delhi,North,Gold,Consumer
CUST00434,Aarav Verma,Male,32,New Delhi,Delhi,North,Gold,Home Office
CUST00435,Pooja Joshi,Female,61,Rajkot,Gujarat,West,Silver,Home Office
CUST00436,Vivaan Gupta,Male,73,Rohini,Delhi,North,Silver,Consumer
CUST00437,Aarav Nair,Male,44,Madurai,Tamil Nadu,South,Silver,Consumer
CUST00438,Pooja Gupta,Female,19,Dwarka,Delhi,North,Silver,Consumer
CUST00439,Rahul Joshi,Male,43,New Delhi,Delhi,North,Silver,Corporate
CUST00440,Arjun Verma,Male,52,Madurai,Tamil Nadu,South,Gold,Consumer
CUST00441,Vikram Verma,Male,49,Jaipur,Rajasthan,North,Silver,Corporate
CUST00442,Amit Joshi,Male,23,New Delhi,Delhi,North,Silver,Consumer
CUST00443,Vikram Patel,Male,23,Mysuru,Karnataka,South,Gold,Corporate
CUST00444,Aisha Patel,Female,40,Noida,Uttar Pradesh,North,Platinum,Consumer
CUST00445,Arjun Joshi,Male,34,Vadodara,Gujarat,West,Silver,Consumer
CUST00446,Rahul Sharma,Male,49,Madurai,Tamil Nadu,South,Gold,Consumer
CUST00447,Neha Patel,Female,53,Pune,Maharashtra,West,Platinum,Consumer
CUST00448,Ananya Nair,Female,32,Salem,Tamil Nadu,South,Silver,Consumer
CUST00449,Aditya Verma,Male,19,Karol Bagh,Delhi,North,Platinum,Corporate
CUST00450,Vivaan Das,Male,36,Karol Bagh,Delhi,North,Silver,Consumer
CUST00451,Neha Gupta,Female,61,Durgapur,West Bengal,East,Gold,Consumer
CUST00452,Arjun Gupta,Male,40,Jodhpur,Rajasthan,North,Silver,Corporate
CUST00453,Riya Sharma,Female,72,Noida,Uttar Pradesh,North,Silver,Consumer
CUST00454,Amit Iyer,Male,41,Belagavi,Karnataka,South,Silver,Home Office
CUST00455,Suresh Das,Male,68,Madurai,Tamil Nadu,South,Gold,Corporate
CUST00456,Riya Verma,Female,39,Hubli,Karnataka,South,Platinum,Home Office
CUST00457,Rohan Verma,Male,35,Belagavi,Karnataka,South,Gold,Home Office
CUST00458,Arjun Joshi,Male,67,Bengaluru,Karnataka,South,Gold,Consumer
CUST00459,Kavya Patel,Female,44,Kanpur,Uttar Pradesh,North,Silver,Consumer
CUST00460,Suresh Singh,Male,21,Saket,Delhi,North,Gold,Consumer
CUST00461,Sneha Iyer,Female,66,Durgapur,West Bengal,East,Silver,Consumer
CUST00462,Sneha Joshi,Female,49,Jodhpur,Rajasthan,North,Silver,Consumer
CUST00463,Priya Das,Female,75,Mumbai,Maharashtra,West,Silver,Consumer
CUST00464,Pooja Joshi,Female,72,Hubli,Karnataka,South,Gold,Consumer
CUST00465,Meera Joshi,Female,68,Hubli,Karnataka,South,Silver,Corporate
CUST00466,Riya Nair,Female,36,Mysuru,Karnataka,South,Platinum,Corporate
CUST00467,Riya Gupta,Female,64,Belagavi,Karnataka,South,Platinum,Consumer
CUST00468,Divya Singh,Female,72,Noida,Uttar Pradesh,North,Gold,Corporate
CUST00469,Riya Singh,Female,18,Trichy,Tamil Nadu,South,Silver,Home Office
CUST00470,Rohan Patel,Male,61,Pune,Maharashtra,West,Silver,Corporate
CUST00471,Amit Verma,Male,42,Lucknow,Uttar Pradesh,North,Silver,Corporate
CUST00472,Suresh Das,Male,29,Kanpur,Uttar Pradesh,North,Silver,Corporate
CUST00473,Divya Kulkarni,Female,69,Siliguri,West Bengal,East,Silver,Home Office
CUST00474,Rahul Sharma,Male,70,Ajmer,Rajasthan,North,Gold,Consumer
CUST00475,Aditya Sharma,Male,54,Bengaluru,Karnataka,South,Silver,Consumer
CUST00476,Sneha Nair,Female,71,Lucknow,Uttar Pradesh,North,Platinum,Consumer
CUST00477,Amit Gupta,Male,74,Rohini,Delhi,North,Silver,Consumer
CUST00478,Aisha Gupta,Female,72,Karol Bagh,Delhi,North,Gold,Home Office
CUST00479,Aditya Gupta,Male,46,Dwarka,Delhi,North,Silver,Consumer
CUST00480,Kavya Kulkarni,Female,71,Udaipur,Rajasthan,North,Silver,Consumer
CUST00481,Pooja Kulkarni,Female,31,Pune,Maharashtra,West,Silver,Corporate
CUST00482,Amit Verma,Male,72,Udaipur,Rajasthan,North,Silver,Corporate
CUST00483,Suresh Iyer,Male,56,Kolkata,West Bengal,East,Gold,Corporate
CUST00484,Ananya Kulkarni,Female,60,Nagpur,Maharashtra,West,Silver,Consumer
CUST00485,Aditya Sharma,Male,24,Thane,Maharashtra,West,Silver,Corporate
CUST00486,Sneha Sharma,Female,30,Udaipur,Rajasthan,North,Silver,Home Office
CUST00487,Amit Verma,Male,46,Trichy,Tamil Nadu,South,Platinum,Home Office
CUST00488,Neha Kulkarni,Female,61,Dwarka,Delhi,North,Gold,Consumer
CUST00489,Ananya Joshi,Female,69,Jaipur,Rajasthan,North,Gold,Consumer
CUST00490,Neha Verma,Female,61,Udaipur,Rajasthan,North,Silver,Consumer
CUST00491,Karan Joshi,Male,27,Udaipur,Rajasthan,North,Silver,Home Office
CUST00492,Priya Joshi,Female,36,Trichy,Tamil Nadu,South,Silver,Consumer
CUST00493,Ananya Kulkarni,Female,65,Noida,Uttar Pradesh,North,Gold,Consumer
CUST00494,Amit Singh,Male,74,Howrah,West Bengal,East,Silver,Consumer
CUST00495,Kavya Nair,Female,58,Madurai,Tamil Nadu,South,Silver,Consumer
CUST00496,Vivaan Gupta,Male,62,New Delhi,Delhi,North,Silver,Corporate
CUST00497,Ananya Verma,Female,51,Chennai,Tamil Nadu,South,Silver,Corporate
CUST00498,Meera Nair,Female,26,Vadodara,Gujarat,West,Silver,Consumer
CUST00499,Rahul Sharma,Male,73,Vadodara,Gujarat,West,Gold,Consumer
CUST00500,Vikram Das,Male,62,Kota,Rajasthan,North,Gold,Consumer
CUST00501,Rahul Kulkarni,Male,51,Bengaluru,Karnataka,South,Silver,Consumer
CUST00502,Pooja Joshi,Female,56,Thane,Maharashtra,West,Silver,Consumer
CUST00503,Aditya Iyer,Male,68,Jaipur,Rajasthan,North,Silver,Consumer
CUST00504,Aditya Das,Male,37,Lucknow,Uttar Pradesh,North,Silver,Corporate
CUST00505,Rohan Das,Male,52,Nashik,Maharashtra,West,Silver,Consumer
CUST00506,Neha Das,Female,61,Belagavi,Karnataka,South,Platinum,Consumer
CUST00507,Vikram Gupta,Male,65,Vadodara,Gujarat,West,Silver,Consumer
CUST00508,Vivaan Das,Male,48,Udaipur,Rajasthan,North,Silver,Consumer
CUST00509,Meera Joshi,Female,61,Mysuru,Karnataka,South,Silver,Consumer
CUST00510,Pooja Patel,Female,55,Kolkata,West Bengal,East,Gold,Consumer
CUST00511,Rahul Kulkarni,Male,38,Belagavi,Karnataka,South,Silver,Consumer
CUST00512,Ananya Verma,Female,70,Karol Bagh,Delhi,North,Silver,Home Office
CUST00513,Divya Patel,Female,70,Hubli,Karnataka,South,Gold,Consumer
CUST00514,Suresh Singh,Male,56,Rajkot,Gujarat,West,Silver,Consumer
CUST00515,Neha Patel,Female,31,Coimbatore,Tamil Nadu,South,Silver,Consumer
CUST00516,Rahul Sharma,Male,69,Noida,Uttar Pradesh,North,Gold,Consumer
CUST00517,Amit Nair,Male,35,Jaipur,Rajasthan,North,Gold,Consumer
CUST00518,Vikram Joshi,Male,49,Ajmer,Rajasthan,North,Gold,Consumer
CUST00519,Neha Kulkarni,Female,61,Gandhinagar,Gujarat,West,Silver,Corporate
CUST00520,Kavya Patel,Female,61,Agra,Uttar Pradesh,North,Silver,Home Office
CUST00521,Riya Patel,Female,31,Jaipur,Rajasthan,North,Silver,Consumer
CUST00522,Karan Das,Male,56,Trichy,Tamil Nadu,South,Gold,Consumer
CUST00523,Aditya Das,Male,29,Rohini,Delhi,North,Silver,Consumer
CUST00524,Vivaan Iyer,Male,23,Trichy,Tamil Nadu,South,Platinum,Consumer
CUST00525,Ananya Nair,Female,75,Noida,Uttar Pradesh,North,Gold,Consumer
CUST00526,Riya Joshi,Female,18,Lucknow,Uttar Pradesh,North,Gold,Consumer
CUST00527,Divya Singh,Female,53,Ajmer,Rajasthan,North,Silver,Consumer
CUST00528,Rohan Sharma,Male,67,Rajkot,Gujarat,West,Silver,Consumer
CUST00529,Sneha Verma,Female,48,Udaipur,Rajasthan,North,Platinum,Consumer
CUST00530,Suresh Joshi,Male,54,Udaipur,Rajasthan,North,Silver,Consumer
CUST00531,Meera Sharma,Female,73,Coimbatore,Tamil Nadu,South,Silver,Home Office
CUST00532,Amit Sharma,Male,44,Siliguri,West Bengal,East,Gold,Corporate
CUST00533,Priya Joshi,Female,64,Mysuru,Karnataka,South,Gold,Consumer
CUST00534,Meera Sharma,Female,70,New Delhi,Delhi,North,Gold,Consumer
CUST00535,Aarav Sharma,Male,40,Chennai,Tamil Nadu,South,Gold,Consumer
CUST00536,Rohan Iyer,Male,37,Nagpur,Maharashtra,West,Gold,Consumer
CUST00537,Neha Iyer,Female,20,Thane,Maharashtra,West,Gold,Consumer
CUST00538,Aisha Sharma,Female,26,Siliguri,West Bengal,East,Gold,Consumer
CUST00539,Kavya Joshi,Female,49,Madurai,Tamil Nadu,South,Gold,Corporate
CUST00540,Ananya Patel,Female,69,Hubli,Karnataka,South,Silver,Corporate
CUST00541,Aarav Sharma,Male,28,Coimbatore,Tamil Nadu,South,Silver,Home Office
CUST00542,Aarav Verma,Male,67,Ahmedabad,Gujarat,West,Platinum,Consumer
CUST00543,Aarav Sharma,Male,39,Karol Bagh,Delhi,North,Platinum,Consumer
CUST00544,Aditya Patel,Male,51,Ajmer,Rajasthan,North,Gold,Consumer
CUST00545,Meera Singh,Female,40,Hubli,Karnataka,South,Silver,Corporate
CUST00546,Divya Gupta,Female,63,Asansol,West Bengal,East,Silver,Consumer
CUST00547,Sneha Verma,Female,60,Jaipur,Rajasthan,North,Gold,Home Office
CUST00548,Amit Nair,Male,50,Varanasi,Uttar Pradesh,North,Silver,Consumer
CUST00549,Divya Verma,Female,58,Nashik,Maharashtra,West,Platinum,Consumer
CUST00550,Riya Verma,Female,69,Asansol,West Bengal,East,Gold,Consumer
CUST00551,Amit Patel,Male,26,Salem,Tamil Nadu,South,Platinum,Corporate
CUST00552,Aarav Iyer,Male,62,Dwarka,Delhi,North,Gold,Corporate
CUST00553,Neha Iyer,Female,25,Pune,Maharashtra,West,Gold,Consumer
CUST00554,Vikram Das,Male,49,Salem,Tamil Nadu,South,Platinum,Consumer
CUST00555,Ananya Joshi,Female,62,Rohini,Delhi,North,Silver,Consumer
CUST00556,Suresh Iyer,Male,57,Ajmer,Rajasthan,North,Silver,Consumer
CUST00557,Pooja Verma,Female,24,Chennai,Tamil Nadu,South,Silver,Corporate
CUST00558,Priya Das,Female,63,Ahmedabad,Gujarat,West,Silver,Consumer
CUST00559,Pooja Sharma,Female,65,Karol Bagh,Delhi,North,Silver,Corporate
CUST00560,Vikram Verma,Male,19,Siliguri,West Bengal,East,Platinum,Home Office
CUST00561,Rohan Patel,Male,58,Kota,Rajasthan,North,Silver,Consumer
CUST00562,Priya Joshi,Female,69,Salem,Tamil Nadu,South,Gold,Consumer
CUST00563,Kavya Sharma,Female,22,Rohini,Delhi,North,Silver,Consumer
CUST00564,Suresh Verma,Male,50,Trichy,Tamil Nadu,South,Platinum,Home Office
CUST00565,Aditya Gupta,Male,41,Mysuru,Karnataka,South,Gold,Consumer
CUST00566,Divya Iyer,Female,55,Thane,Maharashtra,West,Silver,Consumer
CUST00567,Ananya Nair,Female,70,Nashik,Maharashtra,West,Silver,Consumer
CUST00568,Sneha Das,Female,38,Mysuru,Karnataka,South,Silver,Corporate
CUST00569,Aditya Gupta,Male,33,Thane,Maharashtra,West,Silver,Corporate
CUST00570,Vikram Das,Male,22,Jaipur,Rajasthan,North,Gold,Consumer
CUST00571,Suresh Gupta,Male,28,Pune,Maharashtra,West,Silver,Corporate
CUST00572,Karan Joshi,Male,21,New Delhi,Delhi,North,Gold,Consumer
CUST00573,Karan Gupta,Male,54,Thane,Maharashtra,West,Gold,Corporate
CUST00574,Divya Das,Female,69,Madurai,Tamil Nadu,South,Gold,Corporate
CUST00575,Aisha Gupta,Female,44,Karol Bagh,Delhi,North,Platinum,Consumer
CUST00576,Vikram Sharma,Male,68,Mumbai,Maharashtra,West,Gold,Consumer
CUST00577,Vivaan Iyer,Male,57,Varanasi,Uttar Pradesh,North,Silver,Consumer
CUST00578,Arjun Verma,Male,27,Lucknow,Uttar Pradesh,North,Silver,Corporate
CUST00579,Sneha Patel,Female,55,Kolkata,West Bengal,East,Silver,Corporate
CUST00580,Ananya Nair,Female,67,Dwarka,Delhi,North,Gold,Corporate
CUST00581,Riya Sharma,Female,39,Karol Bagh,Delhi,North,Silver,Consumer
CUST00582,Vivaan Verma,Male,61,Madurai,Tamil Nadu,South,Gold,Consumer
CUST00583,Divya Joshi,Female,28,Siliguri,West Bengal,East,Silver,Consumer
CUST00584,Aisha Singh,Female,36,Rohini,Delhi,North,Silver,Corporate
CUST00585,Ananya Iyer,Female,70,Ajmer,Rajasthan,North,Silver,Home Office
CUST00586,Arjun Nair,Male,51,Trichy,Tamil Nadu,South,Gold,Corporate
CUST00587,Meera Verma,Female,72,New Delhi,Delhi,North,Silver,Consumer
CUST00588,Kavya Verma,Female,75,Nashik,Maharashtra,West,Silver,Corporate
CUST00589,Aarav Sharma,Male,62,Rohini,Delhi,North,Silver,Consumer
CUST00590,Sneha Kulkarni,Female,18,Salem,Tamil Nadu,South,Platinum,Consumer
CUST00591,Riya Singh,Female,47,Durgapur,West Bengal,East,Gold,Consumer
CUST00592,Pooja Joshi,Female,66,Coimbatore,Tamil Nadu,South,Silver,Consumer
CUST00593,Rohan Nair,Male,18,Chennai,Tamil Nadu,South,Platinum,Home Office
CUST00594,Divya Gupta,Female,75,Belagavi,Karnataka,South,Silver,Consumer
CUST00595,Priya Patel,Female,73,Kota,Rajasthan,North,Gold,Consumer
CUST00596,Vikram Das,Male,39,Nashik,Maharashtra,West,Silver,Consumer
CUST00597,Ananya Das,Female,50,Nashik,Maharashtra,West,Silver,Home Office
CUST00598,Divya Iyer,Female,75,Nashik,Maharashtra,West,Silver,Consumer
CUST00599,Amit Singh,Male,60,Mangaluru,Karnataka,South,Gold,Consumer
CUST00600,Vivaan Iyer,Male,30,Thane,Maharashtra,West,Gold,Consumer
CUST00601,Aditya Joshi,Male,37,Rajkot,Gujarat,West,Silver,Corporate
CUST00602,Sneha Das,Female,36,Pune,Maharashtra,West,Gold,Consumer
CUST00603,Arjun Singh,Male,25,Lucknow,Uttar Pradesh,North,Silver,Consumer
CUST00604,Sneha Patel,Female,59,Trichy,Tamil Nadu,South,Silver,Consumer
CUST00605,Kavya Patel,Female,50,Surat,Gujarat,West,Silver,Consumer
CUST00606,Rahul Kulkarni,Male,37,Belagavi,Karnataka,South,Silver,Consumer
CUST00607,Sneha Kulkarni,Female,74,Madurai,Tamil Nadu,South,Platinum,Consumer
CUST00608,Vikram Gupta,Male,25,Nashik,Maharashtra,West,Silver,Consumer
CUST00609,Rahul Sharma,Male,59,Trichy,Tamil Nadu,South,Platinum,Consumer
CUST00610,Vivaan Patel,Male,60,Jodhpur,Rajasthan,North,Gold,Corporate
CUST00611,Rahul Nair,Male,51,Howrah,West Bengal,East,Gold,Consumer
CUST00612,Vikram Joshi,Male,21,Lucknow,Uttar Pradesh,North,Silver,Corporate
CUST00613,Vivaan Sharma,Male,57,Coimbatore,Tamil Nadu,South,Platinum,Consumer
CUST00614,Rohan Sharma,Male,26,Trichy,Tamil Nadu,South,Gold,Consumer
CUST00615,Karan Sharma,Male,73,Varanasi,Uttar Pradesh,North,Gold,Home Office
CUST00616,Arjun Patel,Male,38,Karol Bagh,Delhi,North,Silver,Corporate
CUST00617,Karan Joshi,Male,33,Nagpur,Maharashtra,West,Silver,Corporate
CUST00618,Rohan Kulkarni,Male,40,Trichy,Tamil Nadu,South,Silver,Corporate
CUST00619,Vikram Joshi,Male,40,New Delhi,Delhi,North,Silver,Corporate
CUST00620,Amit Kulkarni,Male,59,Surat,Gujarat,West,Silver,Consumer
CUST00621,Suresh Nair,Male,28,Madurai,Tamil Nadu,South,Silver,Consumer
CUST00622,Vikram Joshi,Male,63,Coimbatore,Tamil Nadu,South,Gold,Consumer
CUST00623,Divya Sharma,Female,28,Mysuru,Karnataka,South,Gold,Corporate
CUST00624,Arjun Kulkarni,Male,66,Surat,Gujarat,West,Silver,Consumer
CUST00625,Ananya Sharma,Female,72,Rajkot,Gujarat,West,Silver,Consumer
CUST00626,Divya Verma,Female,70,Mangaluru,Karnataka,South,Silver,Corporate
CUST00627,Pooja Patel,Female,24,Saket,Delhi,North,Gold,Corporate
CUST00628,Aditya Gupta,Male,22,Pune,Maharashtra,West,Silver,Corporate
CUST00629,Pooja Joshi,Female,68,Saket,Delhi,North,Silver,Consumer
CUST00630,Rohan Kulkarni,Male,41,Coimbatore,Tamil Nadu,South,Silver,Consumer
CUST00631,Aditya Verma,Male,70,Madurai,Tamil Nadu,South,Platinum,Consumer
CUST00632,Divya Joshi,Female,55,Saket,Delhi,North,Silver,Consumer
CUST00633,Meera Das,Female,48,Bengaluru,Karnataka,South,Gold,Corporate
CUST00634,Divya Das,Female,33,Jaipur,Rajasthan,North,Gold,Consumer
CUST00635,Vivaan Sharma,Male,40,Noida,Uttar Pradesh,North,Silver,Consumer
CUST00636,Suresh Das,Male,72,Rajkot,Gujarat,West,Silver,Corporate
CUST00637,Rahul Verma,Male,44,Madurai,Tamil Nadu,South,Gold,Consumer
CUST00638,Arjun Nair,Male,41,Nashik,Maharashtra,West,Gold,Home Office
CUST00639,Kavya Das,Female,27,Vadodara,Gujarat,West,Platinum,Consumer
CUST00640,Vikram Joshi,Male,40,Vadodara,Gujarat,West,Silver,Consumer
CUST00641,Riya Verma,Female,71,Howrah,West Bengal,East,Silver,Consumer
CUST00642,Divya Das,Female,52,Mangaluru,Karnataka,South,Gold,Consumer
CUST00643,Vikram Verma,Male,64,Nagpur,Maharashtra,West,Silver,Consumer
CUST00644,Vikram Kulkarni,Male,52,Trichy,Tamil Nadu,South,Gold,Consumer
CUST00645,Amit Gupta,Male,64,Madurai,Tamil Nadu,South,Silver,Consumer
CUST00646,Arjun Iyer,Male,69,Howrah,West Bengal,East,Gold,Corporate
CUST00647,Divya Patel,Female,39,Kanpur,Uttar Pradesh,North,Silver,Home Office
CUST00648,Ananya Singh,Female,74,Mangaluru,Karnataka,South,Gold,Consumer
CUST00649,Divya Singh,Female,35,Mysuru,Karnataka,South,Silver,Corporate
CUST00650,Amit Kulkarni,Male,47,Siliguri,West Bengal,East,Silver,Consumer
CUST00651,Karan Patel,Male,31,Gandhinagar,Gujarat,West,Silver,Corporate
CUST00652,Suresh Verma,Male,34,Mumbai,Maharashtra,West,Gold,Home Office
CUST00653,Aarav Kulkarni,Male,44,Asansol,West Bengal,East,Silver,Home Office
CUST00654,Aarav Das,Male,58,Bengaluru,Karnataka,South,Silver,Consumer
CUST00655,Priya Das,Female,34,Kolkata,West Bengal,East,Silver,Consumer
CUST00656,Pooja Nair,Female,61,Salem,Tamil Nadu,South,Gold,Corporate
CUST00657,Neha Gupta,Female,65,Mysuru,Karnataka,South,Silver,Corporate
CUST00658,Aisha Joshi,Female,31,Lucknow,Uttar Pradesh,North,Gold,Consumer
CUST00659,Divya Gupta,Female,57,Vadodara,Gujarat,West,Silver,Consumer
CUST00660,Divya Patel,Female,20,Jodhpur,Rajasthan,North,Silver,Corporate
CUST00661,Riya Gupta,Female,58,Rohini,Delhi,North,Silver,Consumer
CUST00662,Neha Gupta,Female,52,Durgapur,West Bengal,East,Silver,Home Office
CUST00663,Arjun Iyer,Male,49,Asansol,West Bengal,East,Gold,Consumer
CUST00664,Divya Singh,Female,67,Saket,Delhi,North,Silver,Home Office
CUST00665,Aarav Sharma,Male,38,Bengaluru,Karnataka,South,Gold,Corporate
CUST00666,Karan Verma,Male,54,New Delhi,Delhi,North,Gold,Consumer
CUST00667,Vivaan Joshi,Male,39,Howrah,West Bengal,East,Silver,Home Office
CUST00668,Ananya Gupta,Female,30,Durgapur,West Bengal,East,Platinum,Consumer
CUST00669,Aarav Patel,Male,62,Jaipur,Rajasthan,North,Silver,Consumer
CUST00670,Karan Singh,Male,24,Saket,Delhi,North,Gold,Consumer
CUST00671,Riya Kulkarni,Female,63,New Delhi,Delhi,North,Gold,Consumer
CUST00672,Sneha Sharma,Female,54,Varanasi,Uttar Pradesh,North,Silver,Consumer
CUST00673,Priya Joshi,Female,71,Jaipur,Rajasthan,North,Silver,Consumer
CUST00674,Vivaan Verma,Male,25,Udaipur,Rajasthan,North,Silver,Consumer
CUST00675,Divya Gupta,Female,29,Noida,Uttar Pradesh,North,Silver,Consumer
CUST00676,Karan Nair,Male,40,Pune,Maharashtra,West,Platinum,Consumer
CUST00677,Priya Gupta,Female,54,Ahmedabad,Gujarat,West,Silver,Consumer
CUST00678,Amit Patel,Male,61,Siliguri,West Bengal,East,Silver,Consumer
CUST00679,Sneha Joshi,Female,22,Nagpur,Maharashtra,West,Silver,Corporate
CUST00680,Vivaan Singh,Male,52,Dwarka,Delhi,North,Silver,Home Office
CUST00681,Karan Nair,Male,65,Varanasi,Uttar Pradesh,North,Silver,Consumer
CUST00682,Aarav Gupta,Male,59,Dwarka,Delhi,North,Silver,Consumer
CUST00683,Amit Das,Male,34,Rohini,Delhi,North,Platinum,Consumer
CUST00684,Sneha Gupta,Female,24,Vadodara,Gujarat,West,Silver,Consumer
CUST00685,Divya Gupta,Female,34,Asansol,West Bengal,East,Silver,Corporate
CUST00686,Vikram Iyer,Male,20,Lucknow,Uttar Pradesh,North,Gold,Corporate
CUST00687,Aditya Nair,Male,60,Dwarka,Delhi,North,Gold,Consumer
CUST00688,Divya Patel,Female,74,Ajmer,Rajasthan,North,Silver,Consumer
CUST00689,Priya Sharma,Female,75,Pune,Maharashtra,West,Platinum,Home Office
CUST00690,Arjun Das,Male,72,Rajkot,Gujarat,West,Gold,Consumer
CUST00691,Arjun Singh,Male,47,Lucknow,Uttar Pradesh,North,Gold,Consumer
CUST00692,Aisha Iyer,Female,47,Kanpur,Uttar Pradesh,North,Gold,Consumer
CUST00693,Neha Das,Female,63,Kanpur,Uttar Pradesh,North,Gold,Consumer
CUST00694,Kavya Das,Female,20,Nagpur,Maharashtra,West,Silver,Consumer
CUST00695,Divya Kulkarni,Female,73,Belagavi,Karnataka,South,Silver,Consumer
CUST00696,Karan Sharma,Male,27,Lucknow,Uttar Pradesh,North,Silver,Consumer
CUST00697,Arjun Sharma,Male,22,New Delhi,Delhi,North,Gold,Consumer
CUST00698,Riya Iyer,Female,56,Pune,Maharashtra,West,Silver,Consumer
CUST00699,Aisha Nair,Female,24,Rohini,Delhi,North,Gold,Consumer
CUST00700,Pooja Patel,Female,61,Udaipur,Rajasthan,North,Silver,Corporate
CUST00701,Riya Iyer,Female,62,Kolkata,West Bengal,East,Silver,Corporate
CUST00702,Rohan Patel,Male,47,Durgapur,West Bengal,East,Silver,Consumer
CUST00703,Aditya Joshi,Male,35,Thane,Maharashtra,West,Silver,Consumer
CUST00704,Rahul Iyer,Male,53,Kolkata,West Bengal,East,Silver,Corporate
CUST00705,Aarav Verma,Male,61,Trichy,Tamil Nadu,South,Silver,Consumer
CUST00706,Priya Patel,Female,47,Rohini,Delhi,North,Silver,Consumer
CUST00707,Priya Iyer,Female,34,Thane,Maharashtra,West,Gold,Consumer
CUST00708,Rohan Gupta,Male,42,Vadodara,Gujarat,West,Gold,Consumer
CUST00709,Karan Patel,Male,26,Vadodara,Gujarat,West,Silver,Consumer
CUST00710,Rahul Sharma,Male,51,Karol Bagh,Delhi,North,Silver,Consumer
CUST00711,Aditya Iyer,Male,66,Vadodara,Gujarat,West,Platinum,Consumer
CUST00712,Amit Das,Male,54,Surat,Gujarat,West,Platinum,Consumer
CUST00713,Meera Nair,Female,38,Vadodara,Gujarat,West,Silver,Consumer
CUST00714,Arjun Kulkarni,Male,38,Kota,Rajasthan,North,Gold,Consumer
CUST00715,Vivaan Verma,Male,75,Belagavi,Karnataka,South,Silver,Consumer
CUST00716,Karan Joshi,Male,48,Agra,Uttar Pradesh,North,Gold,Consumer
CUST00717,Riya Verma,Female,28,Gandhinagar,Gujarat,West,Silver,Consumer
CUST00718,Aarav Joshi,Male,55,Asansol,West Bengal,East,Gold,Consumer
CUST00719,Kavya Das,Female,58,Pune,Maharashtra,West,Silver,Consumer
CUST00720,Sneha Joshi,Female,47,Mysuru,Karnataka,South,Gold,Consumer
CUST00721,Arjun Patel,Male,63,Coimbatore,Tamil Nadu,South,Silver,Consumer
CUST00722,Aarav Iyer,Male,57,Karol Bagh,Delhi,North,Silver,Consumer
CUST00723,Sneha Joshi,Female,66,Ajmer,Rajasthan,North,Silver,Corporate
CUST00724,Meera Das,Female,58,Nashik,Maharashtra,West,Gold,Consumer
CUST00725,Vivaan Singh,Male,48,Nagpur,Maharashtra,West,Silver,Consumer
CUST00726,Vikram Verma,Male,38,Bengaluru,Karnataka,South,Silver,Consumer
CUST00727,Aditya Joshi,Male,34,Salem,Tamil Nadu,South,Silver,Consumer
CUST00728,Riya Nair,Female,43,Surat,Gujarat,West,Gold,Consumer
CUST00729,Rohan Gupta,Male,57,Bengaluru,Karnataka,South,Platinum,Consumer
CUST00730,Rohan Sharma,Male,35,Asansol,West Bengal,East,Silver,Consumer
CUST00731,Aarav Iyer,Male,74,Belagavi,Karnataka,South,Platinum,Corporate
CUST00732,Aditya Singh,Male,64,Varanasi,Uttar Pradesh,North,Silver,Home Office
CUST00733,Kavya Singh,Female,68,Udaipur,Rajasthan,North,Silver,Consumer
CUST00734,Rohan Joshi,Male,64,Gandhinagar,Gujarat,West,Silver,Consumer
CUST00735,Rohan Patel,Male,61,Rajkot,Gujarat,West,Platinum,Corporate
CUST00736,Rahul Das,Male,64,Thane,Maharashtra,West,Platinum,Consumer
CUST00737,Ananya Gupta,Female,74,Agra,Uttar Pradesh,North,Platinum,Corporate
CUST00738,Vivaan Nair,Male,59,Kota,Rajasthan,North,Silver,Consumer
CUST00739,Aarav Verma,Male,59,Gandhinagar,Gujarat,West,Platinum,Consumer
CUST00740,Aisha Patel,Female,24,Durgapur,West Bengal,East,Silver,Home Office
CUST00741,Amit Das,Male,34,Mangaluru,Karnataka,South,Gold,Consumer
CUST00742,Rohan Iyer,Male,56,Trichy,Tamil Nadu,South,Gold,Consumer
CUST00743,Aditya Kulkarni,Male,61,Trichy,Tamil Nadu,South,Gold,Consumer
CUST00744,Priya Gupta,Female,51,Rohini,Delhi,North,Gold,Consumer
CUST00745,Aisha Joshi,Female,72,Lucknow,Uttar Pradesh,North,Gold,Consumer
CUST00746,Aditya Gupta,Male,57,Vadodara,Gujarat,West,Silver,Home Office
CUST00747,Ananya Gupta,Female,24,Kolkata,West Bengal,East,Silver,Consumer
CUST00748,Ananya Singh,Female,37,Varanasi,Uttar Pradesh,North,Silver,Consumer
CUST00749,Rohan Iyer,Male,65,Mumbai,Maharashtra,West,Silver,Consumer
CUST00750,Aarav Kulkarni,Male,32,Varanasi,Uttar Pradesh,North,Gold,Consumer
CUST00751,Divya Patel,Female,72,Noida,Uttar Pradesh,North,Silver,Consumer
CUST00752,Rahul Nair,Male,60,Rajkot,Gujarat,West,Gold,Home Office
CUST00753,Aarav Verma,Male,58,Thane,Maharashtra,West,Gold,Consumer
CUST00754,Vikram Gupta,Male,22,Surat,Gujarat,West,Silver,Corporate
CUST00755,Vikram Patel,Male,32,Rohini,Delhi,North,Silver,Consumer
CUST00756,Karan Nair,Male,26,Madurai,Tamil Nadu,South,Gold,Home Office
CUST00757,Riya Iyer,Female,30,Noida,Uttar Pradesh,North,Silver,Consumer
CUST00758,Priya Patel,Female,19,Asansol,West Bengal,East,Gold,Corporate
CUST00759,Rahul Verma,Male,29,Karol Bagh,Delhi,North,Gold,Consumer
CUST00760,Suresh Joshi,Male,43,Nashik,Maharashtra,West,Gold,Consumer
CUST00761,Aisha Das,Female,55,Saket,Delhi,North,Silver,Consumer
CUST00762,Suresh Patel,Male,28,Chennai,Tamil Nadu,South,Silver,Home Office
CUST00763,Riya Sharma,Female,61,Noida,Uttar Pradesh,North,Gold,Home Office
CUST00764,Arjun Kulkarni,Male,68,Rajkot,Gujarat,West,Gold,Corporate
CUST00765,Riya Verma,Female,65,Coimbatore,Tamil Nadu,South,Platinum,Consumer
CUST00766,Rohan Gupta,Male,54,Kolkata,West Bengal,East,Silver,Consumer
CUST00767,Kavya Verma,Female,68,Agra,Uttar Pradesh,North,Platinum,Consumer
CUST00768,Aarav Das,Male,25,Noida,Uttar Pradesh,North,Silver,Consumer
CUST00769,Neha Iyer,Female,58,Kota,Rajasthan,North,Gold,Consumer
CUST00770,Amit Joshi,Male,24,Ajmer,Rajasthan,North,Silver,Corporate
CUST00771,Riya Sharma,Female,71,Udaipur,Rajasthan,North,Gold,Consumer
CUST00772,Suresh Joshi,Male,72,Vadodara,Gujarat,West,Silver,Consumer
CUST00773,Arjun Verma,Male,39,Belagavi,Karnataka,South,Silver,Corporate
CUST00774,Rahul Sharma,Male,74,Ajmer,Rajasthan,North,Platinum,Corporate
CUST00775,Neha Joshi,Female,34,Madurai,Tamil Nadu,South,Silver,Consumer
CUST00776,Meera Iyer,Female,74,Thane,Maharashtra,West,Silver,Consumer
CUST00777,Sneha Patel,Female,49,Mangaluru,Karnataka,South,Gold,Consumer
CUST00778,Riya Kulkarni,Female,19,Rajkot,Gujarat,West,Gold,Corporate
CUST00779,Amit Singh,Male,27,Thane,Maharashtra,West,Gold,Consumer
CUST00780,Karan Patel,Male,38,Bengaluru,Karnataka,South,Gold,Consumer
CUST00781,Ananya Kulkarni,Female,46,Siliguri,West Bengal,East,Silver,Consumer
CUST00782,Ananya Iyer,Female,75,Thane,Maharashtra,West,Silver,Corporate
CUST00783,Amit Das,Male,34,Coimbatore,Tamil Nadu,South,Silver,Consumer
CUST00784,Riya Verma,Female,36,Karol Bagh,Delhi,North,Silver,Corporate
CUST00785,Divya Kulkarni,Female,57,Lucknow,Uttar Pradesh,North,Gold,Consumer
CUST00786,Divya Kulkarni,Female,72,Karol Bagh,Delhi,North,Silver,Consumer
CUST00787,Meera Patel,Female,21,Pune,Maharashtra,West,Gold,Corporate
CUST00788,Amit Kulkarni,Male,52,Saket,Delhi,North,Silver,Consumer
CUST00789,Pooja Verma,Female,25,Udaipur,Rajasthan,North,Silver,Corporate
CUST00790,Ananya Iyer,Female,24,Ajmer,Rajasthan,North,Gold,Consumer
CUST00791,Vivaan Iyer,Male,66,Madurai,Tamil Nadu,South,Silver,Consumer
CUST00792,Priya Gupta,Female,60,Thane,Maharashtra,West,Platinum,Corporate
CUST00793,Aditya Joshi,Male,57,New Delhi,Delhi,North,Platinum,Consumer
CUST00794,Meera Gupta,Female,62,Noida,Uttar Pradesh,North,Platinum,Home Office
CUST00795,Kavya Patel,Female,39,Siliguri,West Bengal,East,Gold,Consumer
CUST00796,Amit Iyer,Male,67,Varanasi,Uttar Pradesh,North,Silver,Consumer
CUST00797,Aisha Patel,Female,52,Dwarka,Delhi,North,Gold,Home Office
CUST00798,Divya Das,Female,27,Durgapur,West Bengal,East,Gold,Consumer
CUST00799,Aarav Sharma,Male,67,Ajmer,Rajasthan,North,Silver,Home Office
CUST00800,Meera Singh,Female,67,New Delhi,Delhi,North,Gold,Consumer
CUST00801,Aditya Nair,Male,26,Belagavi,Karnataka,South,Platinum,Home Office
CUST00802,Kavya Gupta,Female,41,Siliguri,West Bengal,East,Silver,Corporate
CUST00803,Divya Singh,Female,52,Udaipur,Rajasthan,North,Silver,Consumer
CUST00804,Karan Das,Male,22,Chennai,Tamil Nadu,South,Silver,Consumer
CUST00805,Neha Das,Female,22,Coimbatore,Tamil Nadu,South,Silver,Consumer
CUST00806,Meera Iyer,Female,67,Kota,Rajasthan,North,Silver,Consumer
CUST00807,Divya Singh,Female,32,Karol Bagh,Delhi,North,Silver,Consumer
CUST00808,Aarav Joshi,Male,71,Trichy,Tamil Nadu,South,Gold,Corporate
CUST00809,Rohan Das,Male,45,Durgapur,West Bengal,East,Silver,Consumer
CUST00810,Neha Sharma,Female,33,Kolkata,West Bengal,East,Platinum,Consumer
CUST00811,Aditya Iyer,Male,60,Jodhpur,Rajasthan,North,Gold,Home Office
CUST00812,Aditya Iyer,Male,66,Dwarka,Delhi,North,Silver,Consumer
CUST00813,Vikram Sharma,Male,62,Gandhinagar,Gujarat,West,Gold,Home Office
CUST00814,Vikram Gupta,Male,44,Vadodara,Gujarat,West,Gold,Consumer
CUST00815,Suresh Nair,Male,52,Jaipur,Rajasthan,North,Silver,Consumer
CUST00816,Ananya Gupta,Female,37,Vadodara,Gujarat,West,Silver,Corporate
CUST00817,Priya Singh,Female,20,Karol Bagh,Delhi,North,Gold,Consumer
CUST00818,Pooja Kulkarni,Female,66,Rajkot,Gujarat,West,Silver,Consumer
CUST00819,Ananya Singh,Female,61,Dwarka,Delhi,North,Silver,Consumer
CUST00820,Neha Singh,Female,36,Nashik,Maharashtra,West,Silver,Corporate
CUST00821,Kavya Joshi,Female,59,Surat,Gujarat,West,Silver,Corporate
CUST00822,Suresh Verma,Male,29,Gandhinagar,Gujarat,West,Gold,Consumer
CUST00823,Pooja Iyer,Female,48,Bengaluru,Karnataka,South,Silver,Consumer
CUST00824,Kavya Joshi,Female,25,Belagavi,Karnataka,South,Silver,Corporate
CUST00825,Pooja Patel,Female,61,Coimbatore,Tamil Nadu,South,Gold,Consumer
CUST00826,Neha Singh,Female,56,Asansol,West Bengal,East,Silver,Consumer
CUST00827,Divya Das,Female,43,Belagavi,Karnataka,South,Platinum,Consumer
CUST00828,Kavya Sharma,Female,40,Durgapur,West Bengal,East,Silver,Consumer
CUST00829,Aarav Singh,Male,67,Thane,Maharashtra,West,Gold,Corporate
CUST00830,Aditya Joshi,Male,73,Jaipur,Rajasthan,North,Silver,Corporate
CUST00831,Ananya Sharma,Female,47,Vadodara,Gujarat,West,Gold,Consumer
CUST00832,Kavya Gupta,Female,38,Jaipur,Rajasthan,North,Gold,Consumer
CUST00833,Vikram Kulkarni,Male,72,Surat,Gujarat,West,Silver,Consumer
CUST00834,Divya Das,Female,71,Mumbai,Maharashtra,West,Silver,Consumer
CUST00835,Aisha Patel,Female,35,Jaipur,Rajasthan,North,Silver,Consumer
CUST00836,Rahul Gupta,Male,44,Kanpur,Uttar Pradesh,North,Silver,Consumer
CUST00837,Kavya Verma,Female,27,Rohini,Delhi,North,Silver,Corporate
CUST00838,Ananya Gupta,Female,68,Varanasi,Uttar Pradesh,North,Silver,Corporate
CUST00839,Pooja Joshi,Female,68,Mumbai,Maharashtra,West,Gold,Corporate
CUST00840,Kavya Patel,Female,63,Surat,Gujarat,West,Silver,Consumer
CUST00841,Riya Iyer,Female,40,Mysuru,Karnataka,South,Silver,Consumer
CUST00842,Rahul Kulkarni,Male,52,Chennai,Tamil Nadu,South,Silver,Home Office
CUST00843,Riya Iyer,Female,43,Lucknow,Uttar Pradesh,North,Silver,Consumer
CUST00844,Divya Verma,Female,75,Ajmer,Rajasthan,North,Silver,Consumer
CUST00845,Amit Das,Male,54,Coimbatore,Tamil Nadu,South,Silver,Consumer
CUST00846,Rohan Nair,Male,73,Rajkot,Gujarat,West,Silver,Consumer
CUST00847,Rohan Joshi,Male,36,Coimbatore,Tamil Nadu,South,Silver,Consumer
CUST00848,Arjun Singh,Male,60,Ahmedabad,Gujarat,West,Gold,Consumer
CUST00849,Sneha Singh,Female,26,Kolkata,West Bengal,East,Silver,Consumer
CUST00850,Sneha Das,Female,33,Rohini,Delhi,North,Silver,Consumer
CUST00851,Priya Nair,Female,46,Nagpur,Maharashtra,West,Gold,Consumer
CUST00852,Sneha Iyer,Female,62,Durgapur,West Bengal,East,Silver,Consumer
CUST00853,Ananya Nair,Female,42,Mumbai,Maharashtra,West,Silver,Consumer
CUST00854,Suresh Iyer,Male,22,Kanpur,Uttar Pradesh,North,Silver,Home Office
CUST00855,Pooja Kulkarni,Female,21,Hubli,Karnataka,South,Silver,Consumer
CUST00856,Neha Patel,Female,30,Ahmedabad,Gujarat,West,Silver,Consumer
CUST00857,Vikram Iyer,Male,63,Karol Bagh,Delhi,North,Silver,Consumer
CUST00858,Riya Joshi,Female,35,Kota,Rajasthan,North,Gold,Consumer
CUST00859,Divya Patel,Female,50,Belagavi,Karnataka,South,Platinum,Consumer
CUST00860,Divya Sharma,Female,23,Mumbai,Maharashtra,West,Gold,Consumer
CUST00861,Meera Singh,Female,55,Varanasi,Uttar Pradesh,North,Gold,Corporate
CUST00862,Vivaan Joshi,Male,24,Salem,Tamil Nadu,South,Gold,Consumer
CUST00863,Suresh Gupta,Male,57,Kota,Rajasthan,North,Gold,Consumer
CUST00864,Karan Sharma,Male,38,Udaipur,Rajasthan,North,Gold,Consumer
CUST00865,Divya Patel,Female,25,Vadodara,Gujarat,West,Silver,Consumer
CUST00866,Neha Kulkarni,Female,43,New Delhi,Delhi,North,Silver,Corporate
CUST00867,Aisha Singh,Female,29,Surat,Gujarat,West,Gold,Consumer
CUST00868,Aditya Kulkarni,Male,27,Kanpur,Uttar Pradesh,North,Gold,Consumer
CUST00869,Sneha Das,Female,43,Jaipur,Rajasthan,North,Gold,Corporate
CUST00870,Priya Verma,Female,19,Varanasi,Uttar Pradesh,North,Platinum,Consumer
CUST00871,Vikram Singh,Male,74,Thane,Maharashtra,West,Gold,Consumer
CUST00872,Amit Joshi,Male,69,Udaipur,Rajasthan,North,Silver,Consumer
CUST00873,Kavya Joshi,Female,19,Lucknow,Uttar Pradesh,North,Gold,Consumer
CUST00874,Sneha Singh,Female,23,Ajmer,Rajasthan,North,Silver,Consumer
CUST00875,Vikram Joshi,Male,24,Belagavi,Karnataka,South,Silver,Consumer
CUST00876,Rahul Nair,Male,65,Noida,Uttar Pradesh,North,Platinum,Corporate
CUST00877,Amit Joshi,Male,61,Kota,Rajasthan,North,Platinum,Consumer
CUST00878,Suresh Kulkarni,Male,74,Bengaluru,Karnataka,South,Gold,Consumer
CUST00879,Aditya Joshi,Male,31,Nashik,Maharashtra,West,Gold,Consumer
CUST00880,Sneha Das,Female,57,Asansol,West Bengal,East,Silver,Corporate
CUST00881,Vivaan Verma,Male,46,Thane,Maharashtra,West,Silver,Consumer
CUST00882,Pooja Joshi,Female,23,Karol Bagh,Delhi,North,Silver,Consumer
CUST00883,Rahul Gupta,Male,51,Coimbatore,Tamil Nadu,South,Silver,Consumer
CUST00884,Rahul Kulkarni,Male,30,Surat,Gujarat,West,Platinum,Consumer
CUST00885,Suresh Gupta,Male,40,Nagpur,Maharashtra,West,Silver,Consumer
CUST00886,Aditya Iyer,Male,52,Mangaluru,Karnataka,South,Gold,Corporate
CUST00887,Riya Patel,Female,71,Vadodara,Gujarat,West,Gold,Home Office
CUST00888,Karan Nair,Male,25,Durgapur,West Bengal,East,Silver,Consumer
CUST00889,Rohan Patel,Male,70,Thane,Maharashtra,West,Gold,Corporate
CUST00890,Meera Verma,Female,32,Vadodara,Gujarat,West,Gold,Consumer
CUST00891,Vivaan Patel,Male,21,Trichy,Tamil Nadu,South,Platinum,Consumer
CUST00892,Divya Patel,Female,75,Pune,Maharashtra,West,Platinum,Consumer
CUST00893,Arjun Nair,Male,28,Agra,Uttar Pradesh,North,Silver,Consumer
CUST00894,Amit Kulkarni,Male,30,Nagpur,Maharashtra,West,Silver,Consumer
CUST00895,Aarav Joshi,Male,19,Ajmer,Rajasthan,North,Silver,Consumer
CUST00896,Divya Singh,Female,63,Belagavi,Karnataka,South,Silver,Consumer
CUST00897,Meera Nair,Female,32,Gandhinagar,Gujarat,West,Silver,Consumer
CUST00898,Aarav Gupta,Male,42,Dwarka,Delhi,North,Gold,Consumer
CUST00899,Neha Sharma,Female,37,Bengaluru,Karnataka,South,Gold,Consumer
CUST00900,Pooja Gupta,Female,69,New Delhi,Delhi,North,Silver,Consumer
CUST00901,Divya Joshi,Female,68,Nagpur,Maharashtra,West,Gold,Consumer
CUST00902,Aarav Nair,Male,58,Gandhinagar,Gujarat,West,Gold,Consumer
CUST00903,Pooja Iyer,Female,35,Nashik,Maharashtra,West,Silver,Corporate
CUST00904,Neha Sharma,Female,71,Dwarka,Delhi,North,Silver,Consumer
CUST00905,Pooja Iyer,Female,18,Nagpur,Maharashtra,West,Gold,Consumer
CUST00906,Divya Das,Female,33,Udaipur,Rajasthan,North,Silver,Consumer
CUST00907,Ananya Sharma,Female,46,Lucknow,Uttar Pradesh,North,Silver,Consumer
CUST00908,Arjun Sharma,Male,36,Hubli,Karnataka,South,Gold,Consumer
CUST00909,Arjun Joshi,Male,19,Ahmedabad,Gujarat,West,Platinum,Consumer
CUST00910,Arjun Patel,Male,68,Jaipur,Rajasthan,North,Platinum,Home Office
CUST00911,Neha Joshi,Female,33,Siliguri,West Bengal,East,Silver,Home Office
CUST00912,Ananya Gupta,Female,60,Coimbatore,Tamil Nadu,South,Gold,Consumer
CUST00913,Vikram Iyer,Male,21,Bengaluru,Karnataka,South,Gold,Consumer
CUST00914,Aisha Iyer,Female,39,Varanasi,Uttar Pradesh,North,Gold,Corporate
CUST00915,Kavya Iyer,Female,67,Ahmedabad,Gujarat,West,Platinum,Consumer
CUST00916,Vivaan Patel,Male,62,Ajmer,Rajasthan,North,Silver,Consumer
CUST00917,Divya Patel,Female,47,Hubli,Karnataka,South,Gold,Home Office
CUST00918,Rahul Patel,Male,74,Vadodara,Gujarat,West,Gold,Corporate
CUST00919,Arjun Patel,Male,42,Ajmer,Rajasthan,North,Gold,Consumer
CUST00920,Divya Iyer,Female,37,Agra,Uttar Pradesh,North,Gold,Consumer
CUST00921,Kavya Nair,Female,19,Mangaluru,Karnataka,South,Silver,Consumer
CUST00922,Sneha Sharma,Female,39,Pune,Maharashtra,West,Gold,Corporate
CUST00923,Aisha Sharma,Female,42,Noida,Uttar Pradesh,North,Silver,Corporate
CUST00924,Rohan Singh,Male,49,Nashik,Maharashtra,West,Silver,Consumer
CUST00925,Neha Sharma,Female,47,Trichy,Tamil Nadu,South,Gold,Consumer
CUST00926,Meera Joshi,Female,25,Howrah,West Bengal,East,Silver,Home Office
CUST00927,Vikram Das,Male,51,Ajmer,Rajasthan,North,Silver,Consumer
CUST00928,Meera Kulkarni,Female,63,Thane,Maharashtra,West,Silver,Consumer
CUST00929,Aisha Joshi,Female,40,Salem,Tamil Nadu,South,Silver,Consumer
CUST00930,Karan Kulkarni,Male,25,Kanpur,Uttar Pradesh,North,Gold,Consumer
CUST00931,Sneha Sharma,Female,42,Madurai,Tamil Nadu,South,Gold,Consumer
CUST00932,Suresh Verma,Male,50,Rajkot,Gujarat,West,Silver,Consumer
CUST00933,Divya Sharma,Female,51,Coimbatore,Tamil Nadu,South,Silver,Consumer
CUST00934,Vikram Nair,Male,28,New Delhi,Delhi,North,Silver,Consumer
CUST00935,Ananya Joshi,Female,42,Thane,Maharashtra,West,Platinum,Corporate
CUST00936,Aditya Sharma,Male,21,Nashik,Maharashtra,West,Silver,Consumer
CUST00937,Aditya Iyer,Male,40,Jodhpur,Rajasthan,North,Silver,Consumer
CUST00938,Vikram Iyer,Male,55,Lucknow,Uttar Pradesh,North,Platinum,Consumer
CUST00939,Divya Joshi,Female,61,Surat,Gujarat,West,Silver,Consumer
CUST00940,Neha Joshi,Female,67,Jodhpur,Rajasthan,North,Gold,Consumer
CUST00941,Arjun Nair,Male,56,Pune,Maharashtra,West,Silver,Consumer
CUST00942,Meera Iyer,Female,20,Gandhinagar,Gujarat,West,Gold,Home Office
CUST00943,Suresh Iyer,Male,35,Pune,Maharashtra,West,Silver,Consumer
CUST00944,Rahul Verma,Male,22,Lucknow,Uttar Pradesh,North,Platinum,Consumer
CUST00945,Rahul Singh,Male,20,Belagavi,Karnataka,South,Silver,Consumer
CUST00946,Aisha Kulkarni,Female,63,Lucknow,Uttar Pradesh,North,Silver,Consumer
CUST00947,Meera Iyer,Female,69,Noida,Uttar Pradesh,North,Platinum,Consumer
CUST00948,Vikram Nair,Male,24,Agra,Uttar Pradesh,North,Silver,Consumer
CUST00949,Aisha Gupta,Female,42,Varanasi,Uttar Pradesh,North,Silver,Consumer
CUST00950,Kavya Singh,Female,19,Mumbai,Maharashtra,West,Platinum,Consumer
CUST00951,Vivaan Verma,Male,39,Udaipur,Rajasthan,North,Gold,Consumer
CUST00952,Divya Sharma,Female,75,Saket,Delhi,North,Gold,Consumer
CUST00953,Pooja Das,Female,38,Udaipur,Rajasthan,North,Silver,Consumer
CUST00954,Rahul Kulkarni,Male,59,Durgapur,West Bengal,East,Silver,Consumer
CUST00955,Sneha Joshi,Female,75,Mysuru,Karnataka,South,Platinum,Home Office
CUST00956,Aisha Joshi,Female,26,Ahmedabad,Gujarat,West,Silver,Consumer
CUST00957,Rohan Verma,Male,71,Karol Bagh,Delhi,North,Gold,Corporate
CUST00958,Ananya Sharma,Female,72,Ahmedabad,Gujarat,West,Silver,Consumer
CUST00959,Divya Gupta,Female,20,Belagavi,Karnataka,South,Silver,Consumer
CUST00960,Divya Das,Female,29,Asansol,West Bengal,East,Gold,Consumer
CUST00961,Suresh Sharma,Male,34,Trichy,Tamil Nadu,South,Gold,Consumer
CUST00962,Rahul Singh,Male,51,Rajkot,Gujarat,West,Silver,Consumer
CUST00963,Pooja Joshi,Female,66,Chennai,Tamil Nadu,South,Silver,Home Office
CUST00964,Rohan Patel,Male,28,Hubli,Karnataka,South,Silver,Consumer
CUST00965,Pooja Kulkarni,Female,66,Kota,Rajasthan,North,Silver,Corporate
CUST00966,Rohan Gupta,Male,24,Noida,Uttar Pradesh,North,Gold,Consumer
CUST00967,Neha Gupta,Female,29,Coimbatore,Tamil Nadu,South,Silver,Corporate
CUST00968,Vivaan Verma,Male,72,Rajkot,Gujarat,West,Gold,Consumer
CUST00969,Riya Das,Female,46,Hubli,Karnataka,South,Platinum,Home Office
CUST00970,Karan Das,Male,44,Thane,Maharashtra,West,Platinum,Consumer
CUST00971,Kavya Sharma,Female,63,Coimbatore,Tamil Nadu,South,Silver,Consumer
CUST00972,Vivaan Sharma,Male,41,Ahmedabad,Gujarat,West,Silver,Consumer
CUST00973,Aarav Verma,Male,47,Dwarka,Delhi,North,Gold,Consumer
CUST00974,Ananya Das,Female,18,Jaipur,Rajasthan,North,Silver,Home Office
CUST00975,Ananya Gupta,Female,69,Durgapur,West Bengal,East,Gold,Consumer
CUST00976,Rahul Patel,Male,39,Agra,Uttar Pradesh,North,Gold,Consumer
CUST00977,Arjun Kulkarni,Male,27,Durgapur,West Bengal,East,Gold,Consumer
CUST00978,Aditya Joshi,Male,53,Nashik,Maharashtra,West,Silver,Consumer
CUST00979,Amit Gupta,Male,69,Udaipur,Rajasthan,North,Silver,Consumer
CUST00980,Kavya Das,Female,46,Madurai,Tamil Nadu,South,Silver,Consumer
CUST00981,Amit Verma,Male,38,Karol Bagh,Delhi,North,Silver,Consumer
CUST00982,Neha Patel,Female,42,Jodhpur,Rajasthan,North,Silver,Consumer
CUST00983,Suresh Verma,Male,36,Surat,Gujarat,West,Gold,Consumer
CUST00984,Karan Nair,Male,32,Coimbatore,Tamil Nadu,South,Silver,Corporate
CUST00985,Rahul Nair,Male,68,Ahmedabad,Gujarat,West,Silver,Consumer
CUST00986,Priya Nair,Female,55,Saket,Delhi,North,Silver,Consumer
CUST00987,Aditya Joshi,Male,47,Nagpur,Maharashtra,West,Silver,Consumer
CUST00988,Karan Sharma,Male,54,Siliguri,West Bengal,East,Silver,Corporate
CUST00989,Aisha Patel,Female,65,Trichy,Tamil Nadu,South,Silver,Consumer
CUST00990,Priya Das,Female,34,Surat,Gujarat,West,Platinum,Consumer
CUST00991,Pooja Joshi,Female,23,Rajkot,Gujarat,West,Silver,Consumer
CUST00992,Priya Kulkarni,Female,57,Howrah,West Bengal,East,Silver,Home Office
CUST00993,Vivaan Patel,Male,40,Asansol,West Bengal,East,Silver,Consumer
CUST00994,Ananya Joshi,Female,57,Kolkata,West Bengal,East,Silver,Corporate
CUST00995,Priya Singh,Female,43,Udaipur,Rajasthan,North,Gold,Consumer
CUST00996,Neha Joshi,Female,26,Belagavi,Karnataka,South,Silver,Home Office
CUST00997,Pooja Joshi,Female,56,Kanpur,Uttar Pradesh,North,Silver,Corporate
CUST00998,Rahul Singh,Male,18,Lucknow,Uttar Pradesh,North,Gold,Consumer
CUST00999,Aisha Singh,Female,42,Nashik,Maharashtra,West,Gold,Consumer
CUST01000,Vivaan Nair,Male,66,Karol Bagh,Delhi,North,Silver,Consumer
CUST01001,Rahul Nair,Male,23,Rohini,Delhi,North,Platinum,Corporate
CUST01002,Neha Patel,Female,47,Mumbai,Maharashtra,West,Silver,Corporate
CUST01003,Rohan Gupta,Male,70,New Delhi,Delhi,North,Silver,Consumer
CUST01004,Aisha Joshi,Female,41,Jodhpur,Rajasthan,North,Platinum,Consumer
CUST01005,Divya Das,Female,44,Surat,Gujarat,West,Gold,Corporate
CUST01006,Suresh Kulkarni,Male,66,Udaipur,Rajasthan,North,Silver,Corporate
CUST01007,Riya Kulkarni,Female,35,Dwarka,Delhi,North,Silver,Consumer
CUST01008,Kavya Das,Female,23,Madurai,Tamil Nadu,South,Gold,Consumer
CUST01009,Aarav Singh,Male,53,Chennai,Tamil Nadu,South,Silver,Consumer
CUST01010,Priya Patel,Female,43,Varanasi,Uttar Pradesh,North,Silver,Corporate
CUST01011,Rohan Sharma,Male,42,Coimbatore,Tamil Nadu,South,Gold,Consumer
CUST01012,Neha Gupta,Female,19,Thane,Maharashtra,West,Platinum,Consumer
CUST01013,Kavya Verma,Female,74,Rajkot,Gujarat,West,Gold,Home Office
CUST01014,Amit Iyer,Male,33,Pune,Maharashtra,West,Gold,Consumer
CUST01015,Vikram Sharma,Male,71,Thane,Maharashtra,West,Gold,Consumer
CUST01016,Neha Das,Female,61,Mumbai,Maharashtra,West,Platinum,Consumer
CUST01017,Divya Patel,Female,64,Mysuru,Karnataka,South,Gold,Consumer
CUST01018,Aditya Joshi,Male,62,Mangaluru,Karnataka,South,Silver,Home Office
CUST01019,Neha Das,Female,59,Ajmer,Rajasthan,North,Platinum,Consumer
CUST01020,Vikram Iyer,Male,30,Dwarka,Delhi,North,Silver,Consumer
CUST01021,Aisha Kulkarni,Female,50,Nashik,Maharashtra,West,Gold,Consumer
CUST01022,Vikram Iyer,Male,65,Durgapur,West Bengal,East,Silver,Consumer
CUST01023,Ananya Verma,Female,29,Chennai,Tamil Nadu,South,Silver,Consumer
CUST01024,Pooja Sharma,Female,64,Udaipur,Rajasthan,North,Silver,Consumer
CUST01025,Vivaan Sharma,Male,19,Gandhinagar,Gujarat,West,Platinum,Consumer
CUST01026,Riya Nair,Female,67,Howrah,West Bengal,East,Silver,Consumer
CUST01027,Karan Iyer,Male,55,Lucknow,Uttar Pradesh,North,Gold,Consumer
CUST01028,Arjun Sharma,Male,72,Hubli,Karnataka,South,Silver,Corporate
CUST01029,Kavya Gupta,Female,50,Ahmedabad,Gujarat,West,Platinum,Consumer
CUST01030,Kavya Singh,Female,18,Chennai,Tamil Nadu,South,Gold,Consumer
CUST01031,Amit Das,Male,30,Gandhinagar,Gujarat,West,Gold,Consumer
CUST01032,Meera Kulkarni,Female,47,Durgapur,West Bengal,East,Silver,Consumer
CUST01033,Karan Nair,Male,53,Thane,Maharashtra,West,Silver,Consumer
CUST01034,Vivaan Patel,Male,61,New Delhi,Delhi,North,Gold,Consumer
CUST01035,Vikram Sharma,Male,58,Vadodara,Gujarat,West,Platinum,Consumer
CUST01036,Suresh Patel,Male,65,Madurai,Tamil Nadu,South,Silver,Home Office
CUST01037,Vivaan Gupta,Male,75,Jodhpur,Rajasthan,North,Gold,Home Office
CUST01038,Suresh Verma,Male,20,Jaipur,Rajasthan,North,Silver,Consumer
CUST01039,Arjun Joshi,Male,56,Hubli,Karnataka,South,Silver,Consumer
CUST01040,Neha Sharma,Female,55,Trichy,Tamil Nadu,South,Gold,Home Office
CUST01041,Aditya Singh,Male,63,Ahmedabad,Gujarat,West,Silver,Consumer
CUST01042,Kavya Das,Female,36,Siliguri,West Bengal,East,Platinum,Consumer
CUST01043,Suresh Verma,Male,32,Mysuru,Karnataka,South,Gold,Consumer
CUST01044,Aarav Sharma,Male,48,Ahmedabad,Gujarat,West,Silver,Consumer
CUST01045,Aisha Nair,Female,58,Trichy,Tamil Nadu,South,Silver,Corporate
CUST01046,Suresh Joshi,Male,42,Mysuru,Karnataka,South,Gold,Corporate
CUST01047,Karan Sharma,Male,22,Karol Bagh,Delhi,North,Silver,Consumer
CUST01048,Sneha Gupta,Female,41,Nashik,Maharashtra,West,Gold,Consumer
CUST01049,Arjun Sharma,Male,74,Asansol,West Bengal,East,Platinum,Consumer
CUST01050,Riya Sharma,Female,62,Dwarka,Delhi,North,Silver,Corporate
CUST01051,Priya Gupta,Female,52,Nashik,Maharashtra,West,Gold,Corporate
CUST01052,Rahul Gupta,Male,25,Saket,Delhi,North,Silver,Consumer
CUST01053,Ananya Das,Female,25,Siliguri,West Bengal,East,Silver,Consumer
CUST01054,Vikram Das,Male,30,Hubli,Karnataka,South,Silver,Consumer
CUST01055,Sneha Nair,Female,35,Belagavi,Karnataka,South,Silver,Corporate
CUST01056,Aisha Kulkarni,Female,58,Durgapur,West Bengal,East,Silver,Consumer
CUST01057,Karan Iyer,Male,59,Siliguri,West Bengal,East,Silver,Consumer
CUST01058,Priya Joshi,Female,28,Hubli,Karnataka,South,Gold,Consumer
CUST01059,Vivaan Patel,Male,40,Bengaluru,Karnataka,South,Gold,Corporate
CUST01060,Kavya Kulkarni,Female,40,Varanasi,Uttar Pradesh,North,Gold,Consumer
CUST01061,Arjun Iyer,Male,64,Madurai,Tamil Nadu,South,Platinum,Consumer
CUST01062,Priya Joshi,Female,42,Udaipur,Rajasthan,North,Silver,Consumer
CUST01063,Neha Sharma,Female,63,Jaipur,Rajasthan,North,Silver,Consumer
CUST01064,Amit Kulkarni,Male,45,Kota,Rajasthan,North,Silver,Corporate
CUST01065,Kavya Sharma,Female,44,Dwarka,Delhi,North,Silver,Consumer
CUST01066,Sneha Das,Female,54,Mysuru,Karnataka,South,Platinum,Consumer
CUST01067,Pooja Sharma,Female,26,Surat,Gujarat,West,Platinum,Consumer
CUST01068,Ananya Sharma,Female,24,Salem,Tamil Nadu,South,Gold,Consumer
CUST01069,Meera Iyer,Female,69,Vadodara,Gujarat,West,Silver,Consumer
CUST01070,Aditya Sharma,Male,47,Madurai,Tamil Nadu,South,Platinum,Consumer
CUST01071,Meera Nair,Female,57,Karol Bagh,Delhi,North,Platinum,Corporate
CUST01072,Aisha Sharma,Female,30,Coimbatore,Tamil Nadu,South,Gold,Consumer
CUST01073,Meera Iyer,Female,31,Chennai,Tamil Nadu,South,Silver,Consumer
CUST01074,Suresh Singh,Male,71,Ajmer,Rajasthan,North,Platinum,Consumer
CUST01075,Sneha Verma,Female,49,Madurai,Tamil Nadu,South,Gold,Corporate
CUST01076,Divya Kulkarni,Female,18,Rajkot,Gujarat,West,Silver,Consumer
CUST01077,Rahul Gupta,Male,66,Surat,Gujarat,West,Silver,Consumer
CUST01078,Sneha Nair,Female,64,Hubli,Karnataka,South,Silver,Consumer
CUST01079,Pooja Gupta,Female,31,Surat,Gujarat,West,Platinum,Consumer
CUST01080,Divya Kulkarni,Female,69,New Delhi,Delhi,North,Silver,Corporate
CUST01081,Karan Joshi,Male,48,Bengaluru,Karnataka,South,Gold,Home Office
CUST01082,Rahul Das,Male,61,Udaipur,Rajasthan,North,Silver,Consumer
CUST01083,Kavya Kulkarni,Female,62,Mangaluru,Karnataka,South,Silver,Corporate
CUST01084,Vivaan Das,Male,59,Noida,Uttar Pradesh,North,Gold,Consumer
CUST01085,Riya Kulkarni,Female,48,Lucknow,Uttar Pradesh,North,Gold,Consumer
CUST01086,Kavya Gupta,Female,27,Dwarka,Delhi,North,Silver,Consumer
CUST01087,Meera Patel,Female,47,Ahmedabad,Gujarat,West,Silver,Consumer
CUST01088,Aarav Sharma,Male,71,Mangaluru,Karnataka,South,Silver,Home Office
CUST01089,Divya Singh,Female,73,New Delhi,Delhi,North,Silver,Consumer
CUST01090,Aditya Sharma,Male,57,Surat,Gujarat,West,Silver,Consumer
CUST01091,Divya Sharma,Female,68,Lucknow,Uttar Pradesh,North,Platinum,Home Office
CUST01092,Sneha Nair,Female,62,Kanpur,Uttar Pradesh,North,Silver,Consumer
CUST01093,Sneha Das,Female,29,New Delhi,Delhi,North,Silver,Consumer
CUST01094,Pooja Nair,Female,44,Mangaluru,Karnataka,South,Platinum,Consumer
CUST01095,Meera Das,Female,36,Varanasi,Uttar Pradesh,North,Platinum,Corporate
CUST01096,Neha Iyer,Female,54,Mysuru,Karnataka,South,Silver,Consumer
CUST01097,Suresh Das,Male,56,Trichy,Tamil Nadu,South,Gold,Corporate
CUST01098,Riya Sharma,Female,57,Thane,Maharashtra,West,Platinum,Consumer
CUST01099,Kavya Das,Female,43,Dwarka,Delhi,North,Gold,Consumer
CUST01100,Riya Nair,Female,25,Belagavi,Karnataka,South,Silver,Consumer
CUST01101,Rohan Gupta,Male,60,Gandhinagar,Gujarat,West,Gold,Consumer
CUST01102,Amit Sharma,Male,40,Siliguri,West Bengal,East,Silver,Consumer
CUST01103,Aisha Verma,Female,59,Ahmedabad,Gujarat,West,Silver,Consumer
CUST01104,Priya Joshi,Female,66,Rohini,Delhi,North,Gold,Corporate
CUST01105,Sneha Verma,Female,45,Madurai,Tamil Nadu,South,Silver,Consumer
CUST01106,Neha Verma,Female,54,Madurai,Tamil Nadu,South,Silver,Consumer
CUST01107,Arjun Sharma,Male,71,Mangaluru,Karnataka,South,Gold,Consumer
CUST01108,Ananya Iyer,Female,51,Vadodara,Gujarat,West,Silver,Consumer
CUST01109,Amit Gupta,Male,56,Rohini,Delhi,North,Gold,Consumer
CUST01110,Riya Das,Female,61,Ahmedabad,Gujarat,West,Silver,Consumer
CUST01111,Riya Patel,Female,29,Coimbatore,Tamil Nadu,South,Silver,Consumer
CUST01112,Kavya Iyer,Female,63,Dwarka,Delhi,North,Gold,Corporate
CUST01113,Aarav Patel,Male,54,Nagpur,Maharashtra,West,Silver,Home Office
CUST01114,Aisha Kulkarni,Female,25,Noida,Uttar Pradesh,North,Gold,Corporate
CUST01115,Vikram Das,Male,38,Udaipur,Rajasthan,North,Silver,Consumer
CUST01116,Vikram Nair,Male,53,Lucknow,Uttar Pradesh,North,Silver,Consumer
CUST01117,Aditya Gupta,Male,31,Mysuru,Karnataka,South,Silver,Consumer
CUST01118,Arjun Gupta,Male,18,Nagpur,Maharashtra,West,Gold,Consumer
CUST01119,Rahul Iyer,Male,20,Dwarka,Delhi,North,Gold,Consumer
CUST01120,Amit Gupta,Male,72,Siliguri,West Bengal,East,Silver,Home Office
CUST01121,Riya Sharma,Female,50,Chennai,Tamil Nadu,South,Gold,Corporate
CUST01122,Karan Das,Male,66,Bengaluru,Karnataka,South,Silver,Consumer
CUST01123,Kavya Nair,Female,28,Bengaluru,Karnataka,South,Gold,Home Office
CUST01124,Vikram Patel,Male,65,Chennai,Tamil Nadu,South,Gold,Consumer
CUST01125,Arjun Das,Male,27,New Delhi,Delhi,North,Silver,Consumer
CUST01126,Aisha Gupta,Female,48,Jodhpur,Rajasthan,North,Gold,Consumer
CUST01127,Aditya Kulkarni,Male,41,Pune,Maharashtra,West,Silver,Consumer
CUST01128,Aditya Verma,Male,52,Nashik,Maharashtra,West,Gold,Consumer
CUST01129,Suresh Gupta,Male,57,Howrah,West Bengal,East,Silver,Consumer
CUST01130,Aarav Iyer,Male,51,Jaipur,Rajasthan,North,Platinum,Consumer
CUST01131,Suresh Nair,Male,39,Pune,Maharashtra,West,Platinum,Consumer
CUST01132,Neha Nair,Female,49,Pune,Maharashtra,West,Silver,Consumer
CUST01133,Amit Iyer,Male,63,Kolkata,West Bengal,East,Gold,Home Office
CUST01134,Amit Gupta,Male,28,Ahmedabad,Gujarat,West,Silver,Corporate
CUST01135,Pooja Das,Female,43,Vadodara,Gujarat,West,Silver,Corporate
CUST01136,Suresh Singh,Male,37,Kolkata,West Bengal,East,Gold,Consumer
CUST01137,Riya Patel,Female,52,Noida,Uttar Pradesh,North,Silver,Consumer
CUST01138,Vikram Singh,Male,51,Nashik,Maharashtra,West,Gold,Consumer
CUST01139,Arjun Iyer,Male,32,Mumbai,Maharashtra,West,Silver,Corporate
CUST01140,Rohan Verma,Male,18,Kota,Rajasthan,North,Silver,Consumer
CUST01141,Ananya Joshi,Female,59,Ajmer,Rajasthan,North,Gold,Consumer
CUST01142,Ananya Singh,Female,45,Rajkot,Gujarat,West,Silver,Consumer
CUST01143,Kavya Nair,Female,32,Hubli,Karnataka,South,Silver,Consumer
CUST01144,Arjun Nair,Male,34,Varanasi,Uttar Pradesh,North,Silver,Consumer
CUST01145,Vikram Kulkarni,Male,20,Siliguri,West Bengal,East,Silver,Consumer
CUST01146,Aisha Gupta,Female,61,Mangaluru,Karnataka,South,Gold,Consumer
CUST01147,Suresh Iyer,Male,23,Ahmedabad,Gujarat,West,Gold,Consumer
CUST01148,Meera Gupta,Female,33,Mangaluru,Karnataka,South,Silver,Home Office
CUST01149,Ananya Sharma,Female,52,Udaipur,Rajasthan,North,Silver,Corporate
CUST01150,Aisha Patel,Female,62,Nashik,Maharashtra,West,Platinum,Consumer
CUST01151,Neha Singh,Female,44,Udaipur,Rajasthan,North,Silver,Consumer
CUST01152,Karan Kulkarni,Male,51,Chennai,Tamil Nadu,South,Silver,Home Office
CUST01153,Aarav Singh,Male,44,Varanasi,Uttar Pradesh,North,Silver,Home Office
CUST01154,Karan Iyer,Male,65,Bengaluru,Karnataka,South,Silver,Consumer
CUST01155,Aisha Sharma,Female,20,Vadodara,Gujarat,West,Silver,Consumer
CUST01156,Suresh Kulkarni,Male,41,Pune,Maharashtra,West,Silver,Corporate
CUST01157,Kavya Singh,Female,74,Trichy,Tamil Nadu,South,Silver,Consumer
CUST01158,Arjun Das,Male,31,Surat,Gujarat,West,Silver,Consumer
CUST01159,Amit Iyer,Male,69,Ajmer,Rajasthan,North,Gold,Corporate
CUST01160,Aditya Joshi,Male,52,Mangaluru,Karnataka,South,Silver,Home Office
CUST01161,Suresh Joshi,Male,40,Howrah,West Bengal,East,Silver,Corporate
CUST01162,Neha Kulkarni,Female,35,Ahmedabad,Gujarat,West,Silver,Corporate
CUST01163,Suresh Singh,Male,58,Lucknow,Uttar Pradesh,North,Silver,Corporate
CUST01164,Rahul Patel,Male,55,Kanpur,Uttar Pradesh,North,Gold,Consumer
CUST01165,Sneha Sharma,Female,26,Thane,Maharashtra,West,Gold,Home Office
CUST01166,Kavya Singh,Female,41,Ahmedabad,Gujarat,West,Silver,Home Office
CUST01167,Divya Patel,Female,64,Hubli,Karnataka,South,Gold,Consumer
CUST01168,Rahul Verma,Male,29,Ahmedabad,Gujarat,West,Gold,Consumer
CUST01169,Amit Joshi,Male,18,Noida,Uttar Pradesh,North,Silver,Home Office
CUST01170,Aisha Patel,Female,67,Durgapur,West Bengal,East,Gold,Consumer
CUST01171,Priya Patel,Female,48,Nashik,Maharashtra,West,Platinum,Corporate
CUST01172,Ananya Kulkarni,Female,62,Madurai,Tamil Nadu,South,Silver,Consumer
CUST01173,Divya Singh,Female,33,Kolkata,West Bengal,East,Gold,Consumer
CUST01174,Karan Sharma,Male,46,Durgapur,West Bengal,East,Gold,Consumer
CUST01175,Aisha Sharma,Female,47,Kota,Rajasthan,North,Platinum,Consumer
CUST01176,Arjun Sharma,Male,43,Kanpur,Uttar Pradesh,North,Gold,Consumer
CUST01177,Neha Kulkarni,Female,56,Hubli,Karnataka,South,Gold,Consumer
CUST01178,Aditya Joshi,Male,65,Udaipur,Rajasthan,North,Gold,Corporate
CUST01179,Karan Das,Male,52,Rohini,Delhi,North,Silver,Consumer
CUST01180,Aditya Verma,Male,49,Salem,Tamil Nadu,South,Silver,Home Office
CUST01181,Karan Verma,Male,31,Ahmedabad,Gujarat,West,Platinum,Home Office
CUST01182,Aditya Sharma,Male,65,Jaipur,Rajasthan,North,Silver,Consumer
CUST01183,Aisha Singh,Female,42,Rajkot,Gujarat,West,Gold,Corporate
CUST01184,Aditya Das,Male,27,Mysuru,Karnataka,South,Gold,Consumer
CUST01185,Aisha Singh,Female,48,Rohini,Delhi,North,Platinum,Corporate
CUST01186,Aditya Nair,Male,29,Gandhinagar,Gujarat,West,Silver,Corporate
CUST01187,Priya Verma,Female,64,Asansol,West Bengal,East,Silver,Consumer
CUST01188,Pooja Patel,Female,26,Ahmedabad,Gujarat,West,Platinum,Consumer
CUST01189,Ananya Iyer,Female,30,Kolkata,West Bengal,East,Gold,Consumer
CUST01190,Vikram Iyer,Male,42,Rajkot,Gujarat,West,Gold,Consumer
CUST01191,Karan Nair,Male,42,Belagavi,Karnataka,South,Silver,Consumer
CUST01192,Suresh Gupta,Male,65,Nashik,Maharashtra,West,Gold,Corporate
CUST01193,Divya Patel,Female,64,Mangaluru,Karnataka,South,Silver,Consumer
CUST01194,Riya Iyer,Female,68,Asansol,West Bengal,East,Gold,Corporate
CUST01195,Neha Verma,Female,45,Kolkata,West Bengal,East,Silver,Consumer
CUST01196,Riya Singh,Female,52,Coimbatore,Tamil Nadu,South,Silver,Consumer
CUST01197,Ananya Joshi,Female,22,Asansol,West Bengal,East,Gold,Consumer
CUST01198,Amit Verma,Male,29,Siliguri,West Bengal,East,Gold,Consumer
CUST01199,Suresh Singh,Male,54,Vadodara,Gujarat,West,Gold,Consumer
CUST01200,Rahul Das,Male,36,Howrah,West Bengal,East,Gold,Consumer
CUST01201,Aditya Gupta,Male,20,Udaipur,Rajasthan,North,Silver,Home Office
CUST01202,Neha Singh,Female,41,Bengaluru,Karnataka,South,Silver,Corporate
CUST01203,Kavya Verma,Female,35,Hubli,Karnataka,South,Gold,Consumer
CUST01204,Vivaan Verma,Male,62,Mysuru,Karnataka,South,Silver,Home Office
CUST01205,Suresh Iyer,Male,49,Ahmedabad,Gujarat,West,Silver,Consumer
CUST01206,Priya Kulkarni,Female,68,Nashik,Maharashtra,West,Platinum,Consumer
CUST01207,Karan Das,Male,28,Hubli,Karnataka,South,Gold,Home Office
CUST01208,Ananya Verma,Female,40,Thane,Maharashtra,West,Gold,Consumer
CUST01209,Aditya Joshi,Male,49,Chennai,Tamil Nadu,South,Gold,Consumer
CUST01210,Divya Iyer,Female,60,Udaipur,Rajasthan,North,Gold,Corporate
CUST01211,Arjun Sharma,Male,55,Gandhinagar,Gujarat,West,Silver,Consumer
CUST01212,Neha Gupta,Female,51,Chennai,Tamil Nadu,South,Silver,Consumer
CUST01213,Aditya Iyer,Male,60,Kolkata,West Bengal,East,Silver,Consumer
CUST01214,Arjun Patel,Male,74,Noida,Uttar Pradesh,North,Platinum,Corporate
CUST01215,Meera Singh,Female,28,Nagpur,Maharashtra,West,Silver,Consumer
CUST01216,Aisha Sharma,Female,26,Mysuru,Karnataka,South,Gold,Consumer
CUST01217,Rahul Singh,Male,72,Rajkot,Gujarat,West,Silver,Corporate
CUST01218,Pooja Iyer,Female,36,Thane,Maharashtra,West,Platinum,Consumer
CUST01219,Rohan Joshi,Male,40,Karol Bagh,Delhi,North,Gold,Consumer
CUST01220,Karan Nair,Male,46,Kota,Rajasthan,North,Silver,Consumer
CUST01221,Vikram Iyer,Male,19,Durgapur,West Bengal,East,Silver,Consumer
CUST01222,Ananya Das,Female,37,Nashik,Maharashtra,West,Silver,Consumer
CUST01223,Rohan Joshi,Male,20,Dwarka,Delhi,North,Gold,Corporate
CUST01224,Meera Nair,Female,39,Mysuru,Karnataka,South,Silver,Consumer
CUST01225,Vikram Gupta,Male,64,Lucknow,Uttar Pradesh,North,Silver,Corporate
CUST01226,Rahul Gupta,Male,19,Jodhpur,Rajasthan,North,Silver,Home Office
CUST01227,Riya Patel,Female,59,Surat,Gujarat,West,Platinum,Consumer
CUST01228,Karan Das,Male,43,Thane,Maharashtra,West,Silver,Consumer
CUST01229,Priya Kulkarni,Female,48,Rajkot,Gujarat,West,Platinum,Corporate
CUST01230,Sneha Sharma,Female,64,Varanasi,Uttar Pradesh,North,Silver,Consumer
CUST01231,Vivaan Gupta,Male,63,Hubli,Karnataka,South,Platinum,Consumer
CUST01232,Aarav Gupta,Male,43,Rohini,Delhi,North,Silver,Home Office
CUST01233,Arjun Das,Male,23,Salem,Tamil Nadu,South,Silver,Consumer
CUST01234,Ananya Das,Female,18,Bengaluru,Karnataka,South,Gold,Consumer
CUST01235,Pooja Singh,Female,21,Siliguri,West Bengal,East,Gold,Corporate
CUST01236,Aisha Sharma,Female,49,Ahmedabad,Gujarat,West,Silver,Corporate
CUST01237,Suresh Sharma,Male,47,Gandhinagar,Gujarat,West,Silver,Consumer
CUST01238,Meera Singh,Female,73,Dwarka,Delhi,North,Gold,Consumer
CUST01239,Vikram Verma,Male,32,Durgapur,West Bengal,East,Gold,Consumer
CUST01240,Rahul Sharma,Male,47,New Delhi,Delhi,North,Platinum,Home Office
CUST01241,Neha Sharma,Female,43,Mysuru,Karnataka,South,Silver,Consumer
CUST01242,Sneha Nair,Female,40,New Delhi,Delhi,North,Silver,Consumer
CUST01243,Ananya Kulkarni,Female,53,Vadodara,Gujarat,West,Silver,Corporate
CUST01244,Pooja Das,Female,50,Durgapur,West Bengal,East,Gold,Consumer
CUST01245,Riya Gupta,Female,46,Coimbatore,Tamil Nadu,South,Silver,Consumer
CUST01246,Aisha Singh,Female,28,Siliguri,West Bengal,East,Silver,Consumer
CUST01247,Kavya Singh,Female,54,Chennai,Tamil Nadu,South,Gold,Consumer
CUST01248,Amit Das,Male,25,Belagavi,Karnataka,South,Silver,Consumer
CUST01249,Aarav Das,Male,18,Gandhinagar,Gujarat,West,Silver,Consumer
CUST01250,Amit Sharma,Male,26,Nashik,Maharashtra,West,Gold,Corporate
CUST01251,Aarav Joshi,Male,55,Salem,Tamil Nadu,South,Silver,Consumer
CUST01252,Divya Iyer,Female,54,Mysuru,Karnataka,South,Gold,Corporate
CUST01253,Aditya Iyer,Male,22,Ahmedabad,Gujarat,West,Gold,Consumer
CUST01254,Ananya Singh,Female,41,Nagpur,Maharashtra,West,Platinum,Consumer
CUST01255,Kavya Joshi,Female,50,Belagavi,Karnataka,South,Silver,Consumer
CUST01256,Aisha Das,Female,57,Salem,Tamil Nadu,South,Silver,Corporate
CUST01257,Vivaan Das,Male,43,Kota,Rajasthan,North,Gold,Consumer
CUST01258,Aarav Gupta,Male,37,Howrah,West Bengal,East,Gold,Corporate
CUST01259,Pooja Sharma,Female,22,New Delhi,Delhi,North,Gold,Consumer
CUST01260,Pooja Singh,Female,23,Kota,Rajasthan,North,Silver,Consumer
CUST01261,Ananya Iyer,Female,55,Agra,Uttar Pradesh,North,Gold,Consumer
CUST01262,Karan Kulkarni,Male,54,Gandhinagar,Gujarat,West,Silver,Consumer
CUST01263,Aditya Sharma,Male,42,Udaipur,Rajasthan,North,Platinum,Consumer
CUST01264,Kavya Nair,Female,30,Belagavi,Karnataka,South,Gold,Consumer
CUST01265,Aditya Gupta,Male,65,Kota,Rajasthan,North,Platinum,Consumer
CUST01266,Priya Sharma,Female,67,Kota,Rajasthan,North,Silver,Consumer
CUST01267,Aisha Singh,Female,23,Nashik,Maharashtra,West,Silver,Consumer
CUST01268,Divya Das,Female,74,Kolkata,West Bengal,East,Silver,Consumer
CUST01269,Rohan Joshi,Male,29,Gandhinagar,Gujarat,West,Silver,Consumer
CUST01270,Ananya Gupta,Female,30,Kanpur,Uttar Pradesh,North,Silver,Consumer
CUST01271,Ananya Singh,Female,68,New Delhi,Delhi,North,Silver,Corporate
CUST01272,Suresh Singh,Male,43,Kota,Rajasthan,North,Silver,Corporate
CUST01273,Sneha Joshi,Female,19,Agra,Uttar Pradesh,North,Silver,Consumer
CUST01274,Arjun Nair,Male,65,New Delhi,Delhi,North,Silver,Consumer
CUST01275,Aarav Iyer,Male,32,Hubli,Karnataka,South,Silver,Consumer
CUST01276,Vikram Kulkarni,Male,36,Rajkot,Gujarat,West,Silver,Home Office
CUST01277,Ananya Iyer,Female,74,Jodhpur,Rajasthan,North,Silver,Consumer
CUST01278,Ananya Patel,Female,35,New Delhi,Delhi,North,Gold,Consumer
CUST01279,Aditya Gupta,Male,46,Mumbai,Maharashtra,West,Platinum,Consumer
CUST01280,Aisha Iyer,Female,72,Jodhpur,Rajasthan,North,Gold,Corporate
CUST01281,Aarav Joshi,Male,62,Bengaluru,Karnataka,South,Silver,Consumer
CUST01282,Vikram Verma,Male,21,Mangaluru,Karnataka,South,Silver,Home Office
CUST01283,Pooja Gupta,Female,32,Vadodara,Gujarat,West,Silver,Consumer
CUST01284,Kavya Joshi,Female,68,Varanasi,Uttar Pradesh,North,Silver,Consumer
CUST01285,Kavya Singh,Female,52,Chennai,Tamil Nadu,South,Platinum,Consumer
CUST01286,Neha Patel,Female,26,Kota,Rajasthan,North,Platinum,Consumer
CUST01287,Divya Das,Female,59,Mysuru,Karnataka,South,Gold,Consumer
CUST01288,Suresh Das,Male,41,Udaipur,Rajasthan,North,Silver,Home Office
CUST01289,Meera Kulkarni,Female,18,Belagavi,Karnataka,South,Silver,Consumer
CUST01290,Karan Das,Male,41,Hubli,Karnataka,South,Silver,Home Office
CUST01291,Rohan Sharma,Male,25,Siliguri,West Bengal,East,Silver,Consumer
CUST01292,Karan Das,Male,35,Nagpur,Maharashtra,West,Gold,Consumer
CUST01293,Rohan Das,Male,40,Dwarka,Delhi,North,Gold,Consumer
CUST01294,Suresh Kulkarni,Male,50,Kota,Rajasthan,North,Silver,Consumer
CUST01295,Arjun Kulkarni,Male,63,Noida,Uttar Pradesh,North,Silver,Consumer
CUST01296,Suresh Kulkarni,Male,38,Madurai,Tamil Nadu,South,Silver,Consumer
CUST01297,Rahul Nair,Male,53,Ahmedabad,Gujarat,West,Platinum,Consumer
CUST01298,Pooja Nair,Female,32,Kolkata,West Bengal,East,Gold,Consumer
CUST01299,Divya Singh,Female,61,Varanasi,Uttar Pradesh,North,Silver,Consumer
CUST01300,Suresh Gupta,Male,62,Pune,Maharashtra,West,Silver,Home Office
CUST01301,Pooja Kulkarni,Female,48,Madurai,Tamil Nadu,South,Gold,Corporate
CUST01302,Priya Nair,Female,22,Howrah,West Bengal,East,Gold,Consumer
CUST01303,Aarav Kulkarni,Male,33,Kanpur,Uttar Pradesh,North,Silver,Corporate
CUST01304,Rohan Sharma,Male,73,Mumbai,Maharashtra,West,Gold,Home Office
CUST01305,Priya Verma,Female,49,Lucknow,Uttar Pradesh,North,Platinum,Consumer
CUST01306,Meera Sharma,Female,21,Rohini,Delhi,North,Silver,Consumer
CUST01307,Neha Singh,Female,60,Howrah,West Bengal,East,Gold,Consumer
CUST01308,Sneha Nair,Female,66,Durgapur,West Bengal,East,Silver,Consumer
CUST01309,Arjun Sharma,Male,37,Belagavi,Karnataka,South,Platinum,Consumer
CUST01310,Priya Iyer,Female,58,Madurai,Tamil Nadu,South,Silver,Consumer
CUST01311,Priya Sharma,Female,62,Salem,Tamil Nadu,South,Gold,Corporate
CUST01312,Rahul Verma,Male,66,Ajmer,Rajasthan,North,Silver,Consumer
CUST01313,Aditya Sharma,Male,34,Rajkot,Gujarat,West,Silver,Corporate
CUST01314,Priya Nair,Female,30,Kolkata,West Bengal,East,Silver,Corporate
CUST01315,Kavya Singh,Female,43,Chennai,Tamil Nadu,South,Gold,Consumer
CUST01316,Karan Kulkarni,Male,32,Saket,Delhi,North,Silver,Consumer
CUST01317,Karan Joshi,Male,18,New Delhi,Delhi,North,Gold,Consumer
CUST01318,Sneha Patel,Female,30,Nagpur,Maharashtra,West,Platinum,Home Office
CUST01319,Priya Nair,Female,28,Udaipur,Rajasthan,North,Silver,Home Office
CUST01320,Rohan Kulkarni,Male,63,Trichy,Tamil Nadu,South,Silver,Consumer
CUST01321,Karan Gupta,Male,72,New Delhi,Delhi,North,Silver,Consumer
CUST01322,Neha Das,Female,24,Durgapur,West Bengal,East,Silver,Consumer
CUST01323,Vivaan Gupta,Male,73,Surat,Gujarat,West,Platinum,Consumer
CUST01324,Rahul Joshi,Male,20,Bengaluru,Karnataka,South,Silver,Consumer
CUST01325,Aisha Sharma,Female,60,Hubli,Karnataka,South,Gold,Consumer
CUST01326,Vivaan Iyer,Male,30,New Delhi,Delhi,North,Silver,Consumer
CUST01327,Aarav Sharma,Male,31,Howrah,West Bengal,East,Gold,Consumer
CUST01328,Amit Singh,Male,20,Kolkata,West Bengal,East,Gold,Consumer
CUST01329,Aarav Sharma,Male,35,New Delhi,Delhi,North,Silver,Consumer
CUST01330,Aisha Gupta,Female,48,Rajkot,Gujarat,West,Silver,Home Office
CUST01331,Priya Iyer,Female,50,Jodhpur,Rajasthan,North,Gold,Consumer
CUST01332,Aarav Singh,Male,67,Vadodara,Gujarat,West,Silver,Consumer
CUST01333,Divya Nair,Female,27,Varanasi,Uttar Pradesh,North,Silver,Consumer
CUST01334,Karan Das,Male,44,Trichy,Tamil Nadu,South,Platinum,Home Office
CUST01335,Rahul Verma,Male,69,Ahmedabad,Gujarat,West,Platinum,Consumer
CUST01336,Aarav Singh,Male,40,Belagavi,Karnataka,South,Silver,Consumer
CUST01337,Divya Nair,Female,74,Karol Bagh,Delhi,North,Silver,Consumer
CUST01338,Sneha Verma,Female,62,Mumbai,Maharashtra,West,Gold,Home Office
CUST01339,Meera Iyer,Female,51,Kanpur,Uttar Pradesh,North,Silver,Consumer
CUST01340,Amit Kulkarni,Male,29,Rajkot,Gujarat,West,Gold,Corporate
CUST01341,Karan Singh,Male,22,Dwarka,Delhi,North,Silver,Corporate
CUST01342,Aisha Patel,Female,71,Chennai,Tamil Nadu,South,Silver,Consumer
CUST01343,Rohan Singh,Male,27,Jodhpur,Rajasthan,North,Silver,Consumer
CUST01344,Sneha Gupta,Female,66,Salem,Tamil Nadu,South,Silver,Corporate
CUST01345,Karan Kulkarni,Male,45,Kolkata,West Bengal,East,Platinum,Consumer
CUST01346,Rohan Patel,Male,19,Agra,Uttar Pradesh,North,Gold,Home Office
CUST01347,Amit Sharma,Male,30,Lucknow,Uttar Pradesh,North,Platinum,Consumer
CUST01348,Amit Verma,Male,41,Kanpur,Uttar Pradesh,North,Gold,Consumer
CUST01349,Vikram Patel,Male,37,Trichy,Tamil Nadu,South,Platinum,Corporate
CUST01350,Pooja Kulkarni,Female,66,Karol Bagh,Delhi,North,Platinum,Consumer
CUST01351,Divya Sharma,Female,18,Jaipur,Rajasthan,North,Silver,Consumer
CUST01352,Vivaan Sharma,Male,69,Kota,Rajasthan,North,Silver,Corporate
CUST01353,Kavya Gupta,Female,43,Mangaluru,Karnataka,South,Silver,Consumer
CUST01354,Neha Singh,Female,21,Karol Bagh,Delhi,North,Silver,Corporate
CUST01355,Neha Patel,Female,47,Asansol,West Bengal,East,Gold,Consumer
CUST01356,Karan Iyer,Male,51,Belagavi,Karnataka,South,Gold,Consumer
CUST01357,Sneha Kulkarni,Female,60,Kolkata,West Bengal,East,Silver,Consumer
CUST01358,Rahul Gupta,Male,63,Thane,Maharashtra,West,Platinum,Consumer
CUST01359,Rahul Patel,Male,45,Gandhinagar,Gujarat,West,Platinum,Consumer
CUST01360,Pooja Singh,Female,48,Asansol,West Bengal,East,Gold,Consumer
CUST01361,Meera Singh,Female,28,Ajmer,Rajasthan,North,Gold,Consumer
CUST01362,Aisha Das,Female,59,Nashik,Maharashtra,West,Silver,Consumer
CUST01363,Vikram Joshi,Male,51,Jodhpur,Rajasthan,North,Silver,Home Office
CUST01364,Vivaan Gupta,Male,62,Trichy,Tamil Nadu,South,Silver,Consumer
CUST01365,Rahul Joshi,Male,20,Bengaluru,Karnataka,South,Silver,Consumer
CUST01366,Aisha Das,Female,75,Durgapur,West Bengal,East,Silver,Home Office
CUST01367,Aarav Patel,Male,24,Ahmedabad,Gujarat,West,Silver,Home Office
CUST01368,Kavya Nair,Female,63,Mumbai,Maharashtra,West,Silver,Consumer
CUST01369,Karan Joshi,Male,34,Karol Bagh,Delhi,North,Silver,Consumer
CUST01370,Vikram Sharma,Male,21,Karol Bagh,Delhi,North,Gold,Consumer
CUST01371,Sneha Iyer,Female,24,Chennai,Tamil Nadu,South,Gold,Home Office
CUST01372,Kavya Singh,Female,22,Asansol,West Bengal,East,Silver,Consumer
CUST01373,Aisha Kulkarni,Female,67,Thane,Maharashtra,West,Silver,Consumer
CUST01374,Vikram Sharma,Male,31,Surat,Gujarat,West,Silver,Consumer
CUST01375,Amit Das,Male,61,Ajmer,Rajasthan,North,Silver,Corporate
CUST01376,Priya Nair,Female,30,Kota,Rajasthan,North,Gold,Consumer
CUST01377,Pooja Iyer,Female,38,Ahmedabad,Gujarat,West,Silver,Consumer
CUST01378,Vivaan Sharma,Male,68,Agra,Uttar Pradesh,North,Silver,Consumer
CUST01379,Aisha Patel,Female,41,Durgapur,West Bengal,East,Gold,Consumer
CUST01380,Kavya Sharma,Female,30,Surat,Gujarat,West,Gold,Consumer
CUST01381,Ananya Patel,Female,63,Karol Bagh,Delhi,North,Silver,Consumer
CUST01382,Rohan Patel,Male,22,Jodhpur,Rajasthan,North,Platinum,Home Office
CUST01383,Aditya Kulkarni,Male,29,Vadodara,Gujarat,West,Platinum,Consumer
CUST01384,Sneha Das,Female,37,Kanpur,Uttar Pradesh,North,Silver,Corporate
CUST01385,Aditya Joshi,Male,70,Siliguri,West Bengal,East,Platinum,Consumer
CUST01386,Amit Patel,Male,43,Siliguri,West Bengal,East,Silver,Consumer
CUST01387,Ananya Kulkarni,Female,56,Ajmer,Rajasthan,North,Silver,Consumer
CUST01388,Vivaan Gupta,Male,47,Ahmedabad,Gujarat,West,Silver,Consumer
CUST01389,Priya Singh,Female,73,Udaipur,Rajasthan,North,Gold,Corporate
CUST01390,Aisha Das,Female,59,Dwarka,Delhi,North,Silver,Consumer
CUST01391,Arjun Nair,Male,70,Karol Bagh,Delhi,North,Silver,Home Office
CUST01392,Arjun Gupta,Male,18,Surat,Gujarat,West,Silver,Corporate
CUST01393,Rohan Das,Male,57,Ahmedabad,Gujarat,West,Platinum,Consumer
CUST01394,Rohan Patel,Male,44,Saket,Delhi,North,Silver,Consumer
CUST01395,Ananya Nair,Female,61,Kota,Rajasthan,North,Silver,Consumer
CUST01396,Aditya Iyer,Male,63,Chennai,Tamil Nadu,South,Silver,Consumer
CUST01397,Vikram Joshi,Male,72,Howrah,West Bengal,East,Gold,Corporate
CUST01398,Aisha Verma,Female,53,Coimbatore,Tamil Nadu,South,Silver,Consumer
CUST01399,Vivaan Iyer,Male,36,Siliguri,West Bengal,East,Gold,Consumer
CUST01400,Riya Nair,Female,30,Salem,Tamil Nadu,South,Silver,Corporate
CUST01401,Neha Patel,Female,44,Madurai,Tamil Nadu,South,Silver,Consumer
CUST01402,Arjun Singh,Male,55,Asansol,West Bengal,East,Platinum,Corporate
CUST01403,Sneha Iyer,Female,59,Kanpur,Uttar Pradesh,North,Gold,Consumer
CUST01404,Neha Sharma,Female,36,Nagpur,Maharashtra,West,Silver,Consumer
CUST01405,Aisha Sharma,Female,61,Ajmer,Rajasthan,North,Silver,Consumer
CUST01406,Meera Das,Female,75,Howrah,West Bengal,East,Platinum,Corporate
CUST01407,Arjun Patel,Male,68,Surat,Gujarat,West,Silver,Consumer
CUST01408,Neha Gupta,Female,51,Siliguri,West Bengal,East,Silver,Home Office
CUST01409,Kavya Kulkarni,Female,75,Madurai,Tamil Nadu,South,Silver,Consumer
CUST01410,Rahul Singh,Male,51,Jaipur,Rajasthan,North,Silver,Consumer
CUST01411,Priya Singh,Female,62,Saket,Delhi,North,Gold,Consumer
CUST01412,Kavya Verma,Female,27,Trichy,Tamil Nadu,South,Silver,Corporate
CUST01413,Vivaan Nair,Male,18,Pune,Maharashtra,West,Silver,Home Office
CUST01414,Karan Kulkarni,Male,39,Mysuru,Karnataka,South,Platinum,Consumer
CUST01415,Aditya Das,Male,45,Ahmedabad,Gujarat,West,Gold,Consumer
CUST01416,Kavya Verma,Female,75,Kolkata,West Bengal,East,Silver,Consumer
CUST01417,Rohan Das,Male,32,Kota,Rajasthan,North,Platinum,Consumer
CUST01418,Arjun Verma,Male,22,Karol Bagh,Delhi,North,Gold,Consumer
CUST01419,Ananya Nair,Female,32,Agra,Uttar Pradesh,North,Silver,Consumer
CUST01420,Riya Kulkarni,Female,23,Rohini,Delhi,North,Platinum,Consumer
CUST01421,Meera Gupta,Female,32,Mumbai,Maharashtra,West,Silver,Consumer
CUST01422,Suresh Das,Male,42,Hubli,Karnataka,South,Silver,Corporate
CUST01423,Rohan Iyer,Male,74,Kanpur,Uttar Pradesh,North,Silver,Consumer
CUST01424,Vivaan Kulkarni,Male,54,Mangaluru,Karnataka,South,Silver,Consumer
CUST01425,Neha Joshi,Female,45,Surat,Gujarat,West,Gold,Home Office
CUST01426,Meera Sharma,Female,51,Rohini,Delhi,North,Silver,Consumer
CUST01427,Priya Sharma,Female,18,Mysuru,Karnataka,South,Silver,Consumer
CUST01428,Amit Gupta,Male,70,Hubli,Karnataka,South,Silver,Consumer
CUST01429,Rohan Das,Male,57,Asansol,West Bengal,East,Silver,Consumer
CUST01430,Vivaan Sharma,Male,64,Bengaluru,Karnataka,South,Silver,Consumer
CUST01431,Karan Iyer,Male,38,Durgapur,West Bengal,East,Platinum,Consumer
CUST01432,Sneha Gupta,Female,26,Siliguri,West Bengal,East,Silver,Consumer
CUST01433,Sneha Iyer,Female,27,Belagavi,Karnataka,South,Silver,Consumer
CUST01434,Neha Iyer,Female,68,Salem,Tamil Nadu,South,Silver,Consumer
CUST01435,Meera Kulkarni,Female,41,Dwarka,Delhi,North,Silver,Consumer
CUST01436,Aisha Verma,Female,21,Trichy,Tamil Nadu,South,Silver,Home Office
CUST01437,Neha Kulkarni,Female,51,Bengaluru,Karnataka,South,Silver,Consumer
CUST01438,Karan Iyer,Male,52,Lucknow,Uttar Pradesh,North,Silver,Corporate
CUST01439,Vivaan Gupta,Male,52,Durgapur,West Bengal,East,Silver,Consumer
CUST01440,Priya Kulkarni,Female,57,Karol Bagh,Delhi,North,Silver,Home Office
CUST01441,Aisha Patel,Female,24,Saket,Delhi,North,Silver,Consumer
CUST01442,Arjun Nair,Male,45,Durgapur,West Bengal,East,Silver,Consumer
CUST01443,Divya Das,Female,60,Coimbatore,Tamil Nadu,South,Gold,Consumer
CUST01444,Divya Verma,Female,27,Jodhpur,Rajasthan,North,Silver,Consumer
CUST01445,Rahul Kulkarni,Male,40,Agra,Uttar Pradesh,North,Gold,Corporate
CUST01446,Ananya Iyer,Female,50,Hubli,Karnataka,South,Platinum,Corporate
CUST01447,Suresh Singh,Male,24,Howrah,West Bengal,East,Gold,Consumer
CUST01448,Priya Verma,Female,62,Rohini,Delhi,North,Silver,Corporate
CUST01449,Rahul Singh,Male,46,Mumbai,Maharashtra,West,Gold,Consumer
CUST01450,Suresh Sharma,Male,48,Varanasi,Uttar Pradesh,North,Silver,Home Office
CUST01451,Vikram Kulkarni,Male,57,Kota,Rajasthan,North,Silver,Corporate
CUST01452,Vivaan Sharma,Male,61,Varanasi,Uttar Pradesh,North,Silver,Corporate
CUST01453,Sneha Iyer,Female,54,Kota,Rajasthan,North,Gold,Home Office
CUST01454,Aarav Joshi,Male,48,Rohini,Delhi,North,Silver,Corporate
CUST01455,Aditya Nair,Male,27,Kolkata,West Bengal,East,Silver,Home Office
CUST01456,Suresh Nair,Male,25,Siliguri,West Bengal,East,Gold,Consumer
CUST01457,Priya Kulkarni,Female,54,Coimbatore,Tamil Nadu,South,Gold,Consumer
CUST01458,Rahul Iyer,Male,20,Udaipur,Rajasthan,North,Gold,Corporate
CUST01459,Aisha Iyer,Female,34,Nashik,Maharashtra,West,Platinum,Corporate
CUST01460,Divya Nair,Female,62,Ajmer,Rajasthan,North,Gold,Consumer
CUST01461,Karan Joshi,Male,71,Durgapur,West Bengal,East,Gold,Consumer
CUST01462,Aditya Das,Male,75,Mumbai,Maharashtra,West,Silver,Consumer
CUST01463,Neha Sharma,Female,48,Howrah,West Bengal,East,Gold,Corporate
CUST01464,Aarav Verma,Male,55,Rohini,Delhi,North,Silver,Consumer
CUST01465,Suresh Joshi,Male,38,Coimbatore,Tamil Nadu,South,Gold,Consumer
CUST01466,Karan Sharma,Male,48,Udaipur,Rajasthan,North,Silver,Consumer
CUST01467,Meera Iyer,Female,53,Salem,Tamil Nadu,South,Platinum,Consumer
CUST01468,Suresh Gupta,Male,45,Nagpur,Maharashtra,West,Silver,Consumer
CUST01469,Suresh Singh,Male,43,Ajmer,Rajasthan,North,Gold,Consumer
CUST01470,Ananya Das,Female,22,Madurai,Tamil Nadu,South,Silver,Corporate
CUST01471,Aarav Das,Male,59,Kolkata,West Bengal,East,Silver,Corporate
CUST01472,Vikram Kulkarni,Male,57,Coimbatore,Tamil Nadu,South,Silver,Consumer
CUST01473,Vivaan Gupta,Male,75,Hubli,Karnataka,South,Gold,Home Office
CUST01474,Kavya Singh,Female,74,Siliguri,West Bengal,East,Silver,Consumer
CUST01475,Suresh Verma,Male,53,Gandhinagar,Gujarat,West,Silver,Consumer
CUST01476,Aarav Patel,Male,61,Madurai,Tamil Nadu,South,Silver,Consumer
CUST01477,Neha Verma,Female,23,Udaipur,Rajasthan,North,Silver,Consumer
CUST01478,Rohan Kulkarni,Male,57,Udaipur,Rajasthan,North,Silver,Consumer
CUST01479,Vikram Kulkarni,Male,46,Thane,Maharashtra,West,Platinum,Corporate
CUST01480,Kavya Patel,Female,52,Hubli,Karnataka,South,Gold,Consumer
CUST01481,Amit Joshi,Male,28,Jodhpur,Rajasthan,North,Platinum,Consumer
CUST01482,Priya Sharma,Female,54,Siliguri,West Bengal,East,Silver,Consumer
CUST01483,Priya Das,Female,29,Nagpur,Maharashtra,West,Gold,Consumer
CUST01484,Amit Sharma,Male,20,Salem,Tamil Nadu,South,Gold,Corporate
CUST01485,Vivaan Singh,Male,74,Nagpur,Maharashtra,West,Silver,Home Office
CUST01486,Divya Joshi,Female,69,Pune,Maharashtra,West,Silver,Consumer
CUST01487,Suresh Verma,Male,22,Kota,Rajasthan,North,Silver,Consumer
CUST01488,Neha Sharma,Female,25,Howrah,West Bengal,East,Silver,Consumer
CUST01489,Arjun Das,Male,47,Agra,Uttar Pradesh,North,Gold,Corporate
CUST01490,Rohan Singh,Male,72,Varanasi,Uttar Pradesh,North,Silver,Consumer
CUST01491,Aditya Das,Male,24,Karol Bagh,Delhi,North,Silver,Consumer
CUST01492,Pooja Joshi,Female,69,Rajkot,Gujarat,West,Silver,Consumer
CUST01493,Rahul Joshi,Male,65,Bengaluru,Karnataka,South,Silver,Consumer
CUST01494,Neha Singh,Female,51,Thane,Maharashtra,West,Silver,Corporate
CUST01495,Karan Verma,Male,43,Thane,Maharashtra,West,Silver,Consumer
CUST01496,Arjun Gupta,Male,27,Pune,Maharashtra,West,Silver,Consumer
CUST01497,Sneha Das,Female,74,Asansol,West Bengal,East,Silver,Consumer
CUST01498,Ananya Das,Female,38,New Delhi,Delhi,North,Gold,Consumer
CUST01499,Suresh Sharma,Male,68,Trichy,Tamil Nadu,South,Silver,Home Office
CUST01500,Divya Nair,Female,59,Howrah,West Bengal,East,Silver,Corporate
CUST01501,Karan Verma,Male,71,Noida,Uttar Pradesh,North,Silver,Home Office
CUST01502,Aisha Joshi,Female,61,Siliguri,West Bengal,East,Silver,Corporate
CUST01503,Priya Sharma,Female,47,Varanasi,Uttar Pradesh,North,Silver,Corporate
CUST01504,Meera Singh,Female,55,Karol Bagh,Delhi,North,Silver,Consumer
CUST01505,Sneha Kulkarni,Female,58,Noida,Uttar Pradesh,North,Silver,Corporate
CUST01506,Vivaan Sharma,Male,44,Varanasi,Uttar Pradesh,North,Silver,Consumer
CUST01507,Ananya Patel,Female,57,Trichy,Tamil Nadu,South,Silver,Home Office
CUST01508,Vivaan Verma,Male,42,Pune,Maharashtra,West,Silver,Corporate
CUST01509,Suresh Sharma,Male,56,Rohini,Delhi,North,Platinum,Consumer
CUST01510,Divya Gupta,Female,21,Belagavi,Karnataka,South,Silver,Consumer
CUST01511,Priya Gupta,Female,64,Trichy,Tamil Nadu,South,Gold,Consumer
CUST01512,Amit Das,Male,51,Vadodara,Gujarat,West,Gold,Corporate
CUST01513,Karan Joshi,Male,74,Lucknow,Uttar Pradesh,North,Silver,Corporate
CUST01514,Priya Singh,Female,56,Asansol,West Bengal,East,Silver,Corporate
CUST01515,Divya Singh,Female,41,Vadodara,Gujarat,West,Gold,Consumer
CUST01516,Rahul Verma,Male,59,Pune,Maharashtra,West,Gold,Consumer
CUST01517,Pooja Kulkarni,Female,57,Vadodara,Gujarat,West,Silver,Corporate
CUST01518,Priya Nair,Female,61,Trichy,Tamil Nadu,South,Gold,Corporate
CUST01519,Aarav Das,Male,49,Coimbatore,Tamil Nadu,South,Silver,Consumer
CUST01520,Aisha Das,Female,28,Udaipur,Rajasthan,North,Silver,Consumer
CUST01521,Amit Patel,Male,73,Varanasi,Uttar Pradesh,North,Gold,Corporate
CUST01522,Ananya Singh,Female,66,Durgapur,West Bengal,East,Silver,Consumer
CUST01523,Meera Patel,Female,40,Ahmedabad,Gujarat,West,Gold,Consumer
CUST01524,Pooja Joshi,Female,75,Gandhinagar,Gujarat,West,Silver,Consumer
CUST01525,Pooja Verma,Female,55,Saket,Delhi,North,Silver,Consumer
CUST01526,Rohan Verma,Male,32,Varanasi,Uttar Pradesh,North,Silver,Home Office
CUST01527,Sneha Gupta,Female,27,Kolkata,West Bengal,East,Platinum,Consumer
CUST01528,Sneha Kulkarni,Female,29,Nashik,Maharashtra,West,Silver,Consumer
CUST01529,Suresh Iyer,Male,21,Saket,Delhi,North,Silver,Consumer
CUST01530,Aditya Joshi,Male,18,Mysuru,Karnataka,South,Silver,Consumer
CUST01531,Vivaan Patel,Male,24,Chennai,Tamil Nadu,South,Silver,Consumer
CUST01532,Vikram Singh,Male,52,Dwarka,Delhi,North,Gold,Home Office
CUST01533,Arjun Joshi,Male,35,Kolkata,West Bengal,East,Silver,Consumer
CUST01534,Rahul Sharma,Male,40,Surat,Gujarat,West,Silver,Consumer
CUST01535,Kavya Kulkarni,Female,33,Jodhpur,Rajasthan,North,Silver,Consumer
CUST01536,Arjun Kulkarni,Male,39,Dwarka,Delhi,North,Silver,Consumer
CUST01537,Amit Patel,Male,61,Gandhinagar,Gujarat,West,Gold,Consumer
CUST01538,Vivaan Gupta,Male,25,Siliguri,West Bengal,East,Silver,Home Office
CUST01539,Priya Gupta,Female,55,Bengaluru,Karnataka,South,Silver,Consumer
CUST01540,Rohan Joshi,Male,21,Howrah,West Bengal,East,Silver,Consumer
CUST01541,Rohan Das,Male,27,Rajkot,Gujarat,West,Gold,Corporate
CUST01542,Aisha Sharma,Female,27,Jaipur,Rajasthan,North,Silver,Home Office
CUST01543,Vikram Iyer,Male,65,Mumbai,Maharashtra,West,Silver,Consumer
CUST01544,Aditya Patel,Male,35,Nashik,Maharashtra,West,Silver,Home Office
CUST01545,Riya Verma,Female,53,Bengaluru,Karnataka,South,Silver,Corporate
CUST01546,Priya Das,Female,63,Kanpur,Uttar Pradesh,North,Silver,Consumer
CUST01547,Rahul Verma,Male,55,Salem,Tamil Nadu,South,Gold,Home Office
CUST01548,Vikram Patel,Male,63,Mangaluru,Karnataka,South,Silver,Consumer
CUST01549,Sneha Nair,Female,70,Siliguri,West Bengal,East,Platinum,Home Office
CUST01550,Vikram Sharma,Male,28,Coimbatore,Tamil Nadu,South,Gold,Corporate
CUST01551,Riya Sharma,Female,52,Karol Bagh,Delhi,North,Gold,Consumer
CUST01552,Kavya Singh,Female,32,Dwarka,Delhi,North,Silver,Consumer
CUST01553,Meera Das,Female,55,Kota,Rajasthan,North,Platinum,Consumer
CUST01554,Riya Gupta,Female,69,Noida,Uttar Pradesh,North,Silver,Consumer
CUST01555,Aisha Sharma,Female,50,Howrah,West Bengal,East,Silver,Consumer
CUST01556,Vivaan Singh,Male,41,New Delhi,Delhi,North,Platinum,Corporate
CUST01557,Divya Singh,Female,27,Mysuru,Karnataka,South,Silver,Home Office
CUST01558,Aditya Iyer,Male,48,Varanasi,Uttar Pradesh,North,Silver,Consumer
CUST01559,Vivaan Sharma,Male,30,Ajmer,Rajasthan,North,Silver,Corporate
CUST01560,Aisha Singh,Female,18,Varanasi,Uttar Pradesh,North,Silver,Consumer
CUST01561,Amit Iyer,Male,56,Kanpur,Uttar Pradesh,North,Gold,Consumer
CUST01562,Ananya Sharma,Female,49,Coimbatore,Tamil Nadu,South,Silver,Consumer
CUST01563,Kavya Das,Female,62,Mangaluru,Karnataka,South,Gold,Home Office
CUST01564,Riya Verma,Female,26,Nagpur,Maharashtra,West,Gold,Consumer
CUST01565,Riya Sharma,Female,75,Varanasi,Uttar Pradesh,North,Gold,Consumer
CUST01566,Vikram Iyer,Male,58,Madurai,Tamil Nadu,South,Platinum,Consumer
CUST01567,Pooja Nair,Female,36,Rajkot,Gujarat,West,Gold,Consumer
CUST01568,Karan Iyer,Male,40,Mangaluru,Karnataka,South,Gold,Consumer
CUST01569,Ananya Kulkarni,Female,38,Nashik,Maharashtra,West,Silver,Consumer
CUST01570,Vivaan Verma,Male,30,Belagavi,Karnataka,South,Gold,Corporate
CUST01571,Meera Das,Female,50,Madurai,Tamil Nadu,South,Silver,Consumer
CUST01572,Pooja Verma,Female,43,Rohini,Delhi,North,Silver,Consumer
CUST01573,Rahul Patel,Male,31,Kota,Rajasthan,North,Gold,Corporate
CUST01574,Pooja Nair,Female,42,Gandhinagar,Gujarat,West,Gold,Consumer
CUST01575,Suresh Kulkarni,Male,34,Bengaluru,Karnataka,South,Silver,Consumer
CUST01576,Pooja Singh,Female,21,Trichy,Tamil Nadu,South,Silver,Corporate
CUST01577,Aditya Gupta,Male,56,Mangaluru,Karnataka,South,Gold,Consumer
CUST01578,Meera Patel,Female,32,Ahmedabad,Gujarat,West,Silver,Corporate
CUST01579,Aditya Gupta,Male,27,Thane,Maharashtra,West,Silver,Consumer
CUST01580,Rahul Gupta,Male,42,Durgapur,West Bengal,East,Silver,Consumer
CUST01581,Amit Nair,Male,45,Jodhpur,Rajasthan,North,Silver,Home Office
CUST01582,Divya Patel,Female,42,Howrah,West Bengal,East,Silver,Consumer
CUST01583,Suresh Sharma,Male,22,Bengaluru,Karnataka,South,Silver,Consumer
CUST01584,Kavya Iyer,Female,58,Durgapur,West Bengal,East,Silver,Consumer
CUST01585,Aarav Gupta,Male,19,Siliguri,West Bengal,East,Platinum,Consumer
CUST01586,Vivaan Patel,Male,46,Jodhpur,Rajasthan,North,Silver,Home Office
CUST01587,Meera Singh,Female,69,Surat,Gujarat,West,Silver,Corporate
CUST01588,Vikram Sharma,Male,58,Thane,Maharashtra,West,Silver,Consumer
CUST01589,Amit Patel,Male,33,Ahmedabad,Gujarat,West,Silver,Consumer
CUST01590,Ananya Iyer,Female,21,Durgapur,West Bengal,East,Platinum,Consumer
CUST01591,Sneha Das,Female,63,Belagavi,Karnataka,South,Silver,Corporate
CUST01592,Amit Kulkarni,Male,71,Noida,Uttar Pradesh,North,Silver,Corporate
CUST01593,Aditya Kulkarni,Male,48,Coimbatore,Tamil Nadu,South,Silver,Consumer
CUST01594,Riya Joshi,Female,57,Kanpur,Uttar Pradesh,North,Silver,Consumer
CUST01595,Sneha Iyer,Female,21,Rohini,Delhi,North,Gold,Consumer
CUST01596,Rahul Iyer,Male,70,Howrah,West Bengal,East,Silver,Consumer
CUST01597,Arjun Patel,Male,69,Udaipur,Rajasthan,North,Silver,Home Office
CUST01598,Priya Singh,Female,19,Asansol,West Bengal,East,Silver,Corporate
CUST01599,Rahul Patel,Male,66,Nagpur,Maharashtra,West,Gold,Corporate
CUST01600,Aditya Gupta,Male,57,Hubli,Karnataka,South,Platinum,Corporate
CUST01601,Neha Sharma,Female,30,Ahmedabad,Gujarat,West,Silver,Consumer
CUST01602,Divya Patel,Female,34,Mangaluru,Karnataka,South,Silver,Home Office
CUST01603,Aisha Patel,Female,69,Hubli,Karnataka,South,Silver,Consumer
CUST01604,Sneha Sharma,Female,50,Coimbatore,Tamil Nadu,South,Gold,Consumer
CUST01605,Aditya Gupta,Male,27,Nagpur,Maharashtra,West,Silver,Consumer
CUST01606,Vikram Das,Male,22,Rohini,Delhi,North,Silver,Consumer
CUST01607,Karan Das,Male,37,Chennai,Tamil Nadu,South,Silver,Consumer
CUST01608,Aarav Gupta,Male,75,Udaipur,Rajasthan,North,Platinum,Corporate
CUST01609,Priya Nair,Female,18,Ahmedabad,Gujarat,West,Gold,Consumer
CUST01610,Pooja Das,Female,70,Bengaluru,Karnataka,South,Silver,Corporate
CUST01611,Kavya Sharma,Female,34,Rohini,Delhi,North,Gold,Consumer
CUST01612,Ananya Das,Female,53,Madurai,Tamil Nadu,South,Gold,Corporate
CUST01613,Aditya Patel,Male,52,Thane,Maharashtra,West,Silver,Consumer
CUST01614,Suresh Joshi,Male,65,Varanasi,Uttar Pradesh,North,Gold,Consumer
CUST01615,Suresh Verma,Male,27,Rohini,Delhi,North,Silver,Corporate
CUST01616,Priya Singh,Female,36,Noida,Uttar Pradesh,North,Silver,Consumer
CUST01617,Vikram Iyer,Male,74,Asansol,West Bengal,East,Gold,Consumer
CUST01618,Vivaan Iyer,Male,71,Gandhinagar,Gujarat,West,Gold,Corporate
CUST01619,Priya Nair,Female,32,Trichy,Tamil Nadu,South,Silver,Consumer
CUST01620,Vivaan Gupta,Male,71,Belagavi,Karnataka,South,Silver,Corporate
CUST01621,Kavya Joshi,Female,44,Ahmedabad,Gujarat,West,Gold,Consumer
CUST01622,Rohan Nair,Male,61,Saket,Delhi,North,Platinum,Consumer
CUST01623,Sneha Sharma,Female,49,Pune,Maharashtra,West,Silver,Corporate
CUST01624,Suresh Kulkarni,Male,24,Dwarka,Delhi,North,Gold,Consumer
CUST01625,Aditya Nair,Male,59,Trichy,Tamil Nadu,South,Silver,Consumer
CUST01626,Arjun Joshi,Male,62,Kolkata,West Bengal,East,Gold,Consumer
CUST01627,Aditya Kulkarni,Male,52,Jaipur,Rajasthan,North,Silver,Home Office
CUST01628,Kavya Joshi,Female,73,Asansol,West Bengal,East,Silver,Consumer
CUST01629,Amit Nair,Male,44,Udaipur,Rajasthan,North,Silver,Consumer
CUST01630,Amit Patel,Male,66,Karol Bagh,Delhi,North,Gold,Consumer
CUST01631,Arjun Patel,Male,24,Durgapur,West Bengal,East,Silver,Consumer
CUST01632,Ananya Das,Female,63,Bengaluru,Karnataka,South,Silver,Consumer
CUST01633,Aisha Patel,Female,35,Rajkot,Gujarat,West,Gold,Corporate
CUST01634,Aisha Patel,Female,29,Bengaluru,Karnataka,South,Silver,Home Office
CUST01635,Riya Nair,Female,38,Agra,Uttar Pradesh,North,Gold,Consumer
CUST01636,Aisha Verma,Female,31,Lucknow,Uttar Pradesh,North,Silver,Consumer
CUST01637,Vivaan Iyer,Male,46,Rohini,Delhi,North,Platinum,Consumer
CUST01638,Rahul Kulkarni,Male,48,Asansol,West Bengal,East,Gold,Corporate
CUST01639,Neha Verma,Female,72,Karol Bagh,Delhi,North,Silver,Corporate
CUST01640,Amit Iyer,Male,57,Pune,Maharashtra,West,Gold,Consumer
CUST01641,Suresh Das,Male,18,Ajmer,Rajasthan,North,Silver,Consumer
CUST01642,Vivaan Singh,Male,51,Udaipur,Rajasthan,North,Silver,Corporate
CUST01643,Vivaan Gupta,Male,47,Mysuru,Karnataka,South,Silver,Home Office
CUST01644,Amit Kulkarni,Male,42,Kota,Rajasthan,North,Silver,Consumer
CUST01645,Rohan Gupta,Male,61,Bengaluru,Karnataka,South,Silver,Home Office
CUST01646,Divya Das,Female,52,Mumbai,Maharashtra,West,Gold,Corporate
CUST01647,Vikram Nair,Male,20,New Delhi,Delhi,North,Gold,Consumer
CUST01648,Aarav Sharma,Male,33,Noida,Uttar Pradesh,North,Platinum,Corporate
CUST01649,Ananya Verma,Female,52,Madurai,Tamil Nadu,South,Silver,Corporate
CUST01650,Suresh Verma,Male,58,New Delhi,Delhi,North,Silver,Consumer
CUST01651,Rohan Gupta,Male,69,Gandhinagar,Gujarat,West,Silver,Corporate
CUST01652,Rohan Singh,Male,24,Gandhinagar,Gujarat,West,Silver,Corporate
CUST01653,Aarav Nair,Male,75,Trichy,Tamil Nadu,South,Silver,Home Office
CUST01654,Amit Nair,Male,54,Surat,Gujarat,West,Silver,Corporate
CUST01655,Kavya Sharma,Female,65,Kolkata,West Bengal,East,Gold,Corporate
CUST01656,Kavya Gupta,Female,32,Karol Bagh,Delhi,North,Silver,Consumer
CUST01657,Neha Iyer,Female,75,Bengaluru,Karnataka,South,Silver,Consumer
CUST01658,Vikram Iyer,Male,18,Chennai,Tamil Nadu,South,Silver,Consumer
CUST01659,Divya Das,Female,20,Varanasi,Uttar Pradesh,North,Silver,Consumer
CUST01660,Meera Iyer,Female,53,Chennai,Tamil Nadu,South,Platinum,Consumer
CUST01661,Karan Nair,Male,27,Durgapur,West Bengal,East,Platinum,Consumer
CUST01662,Aisha Das,Female,64,Jodhpur,Rajasthan,North,Silver,Consumer
CUST01663,Priya Singh,Female,20,Rohini,Delhi,North,Silver,Consumer
CUST01664,Riya Gupta,Female,40,Jodhpur,Rajasthan,North,Silver,Consumer
CUST01665,Aarav Joshi,Male,41,Saket,Delhi,North,Silver,Consumer
CUST01666,Sneha Sharma,Female,75,Nashik,Maharashtra,West,Gold,Corporate
CUST01667,Pooja Kulkarni,Female,50,Jodhpur,Rajasthan,North,Gold,Consumer
CUST01668,Priya Verma,Female,67,Agra,Uttar Pradesh,North,Silver,Corporate
CUST01669,Kavya Nair,Female,20,Mumbai,Maharashtra,West,Gold,Consumer
CUST01670,Meera Iyer,Female,65,Ajmer,Rajasthan,North,Silver,Consumer
CUST01671,Rahul Patel,Male,38,Pune,Maharashtra,West,Silver,Corporate
CUST01672,Ananya Kulkarni,Female,54,Vadodara,Gujarat,West,Silver,Consumer
CUST01673,Suresh Singh,Male,21,Nagpur,Maharashtra,West,Silver,Consumer
CUST01674,Kavya Gupta,Female,53,Madurai,Tamil Nadu,South,Silver,Corporate
CUST01675,Divya Iyer,Female,55,Trichy,Tamil Nadu,South,Gold,Consumer
CUST01676,Kavya Iyer,Female,73,Belagavi,Karnataka,South,Silver,Consumer
CUST01677,Pooja Nair,Female,25,Nashik,Maharashtra,West,Silver,Consumer
CUST01678,Aarav Nair,Male,60,Kota,Rajasthan,North,Silver,Consumer
CUST01679,Vivaan Joshi,Male,46,Asansol,West Bengal,East,Gold,Corporate
CUST01680,Pooja Gupta,Female,63,Gandhinagar,Gujarat,West,Silver,Corporate
CUST01681,Kavya Das,Female,74,Salem,Tamil Nadu,South,Gold,Consumer
CUST01682,Vikram Iyer,Male,31,Agra,Uttar Pradesh,North,Silver,Consumer
CUST01683,Vivaan Patel,Male,35,Mangaluru,Karnataka,South,Gold,Corporate
CUST01684,Rohan Joshi,Male,69,Thane,Maharashtra,West,Silver,Consumer
CUST01685,Amit Verma,Male,34,Bengaluru,Karnataka,South,Gold,Home Office
CUST01686,Suresh Iyer,Male,57,Kanpur,Uttar Pradesh,North,Silver,Consumer
CUST01687,Kavya Kulkarni,Female,52,Nagpur,Maharashtra,West,Silver,Consumer
CUST01688,Karan Das,Male,33,Mangaluru,Karnataka,South,Silver,Consumer
CUST01689,Vikram Gupta,Male,28,Chennai,Tamil Nadu,South,Silver,Consumer
CUST01690,Aditya Nair,Male,65,Vadodara,Gujarat,West,Silver,Consumer
CUST01691,Neha Kulkarni,Female,55,Karol Bagh,Delhi,North,Silver,Home Office
CUST01692,Vikram Gupta,Male,45,Saket,Delhi,North,Silver,Consumer
CUST01693,Meera Patel,Female,60,Lucknow,Uttar Pradesh,North,Silver,Consumer
CUST01694,Ananya Iyer,Female,44,Siliguri,West Bengal,East,Silver,Consumer
CUST01695,Rahul Gupta,Male,41,Belagavi,Karnataka,South,Silver,Consumer
CUST01696,Pooja Das,Female,26,Mysuru,Karnataka,South,Silver,Corporate
CUST01697,Ananya Iyer,Female,27,Chennai,Tamil Nadu,South,Gold,Corporate
CUST01698,Karan Das,Male,29,Ajmer,Rajasthan,North,Silver,Consumer
CUST01699,Karan Joshi,Male,28,Ajmer,Rajasthan,North,Silver,Consumer
CUST01700,Ananya Sharma,Female,67,Mangaluru,Karnataka,South,Gold,Corporate
CUST01701,Neha Verma,Female,21,Rajkot,Gujarat,West,Silver,Consumer
CUST01702,Suresh Nair,Male,43,Gandhinagar,Gujarat,West,Silver,Consumer
CUST01703,Divya Sharma,Female,47,Durgapur,West Bengal,East,Silver,Corporate
CUST01704,Rahul Kulkarni,Male,47,Jaipur,Rajasthan,North,Silver,Corporate
CUST01705,Arjun Gupta,Male,73,Jodhpur,Rajasthan,North,Gold,Consumer
CUST01706,Suresh Joshi,Male,44,Mumbai,Maharashtra,West,Gold,Consumer
CUST01707,Riya Das,Female,39,Durgapur,West Bengal,East,Silver,Consumer
CUST01708,Priya Verma,Female,22,Mangaluru,Karnataka,South,Silver,Home Office
CUST01709,Neha Sharma,Female,46,Hubli,Karnataka,South,Gold,Corporate
CUST01710,Vivaan Iyer,Male,53,Karol Bagh,Delhi,North,Silver,Consumer
CUST01711,Priya Sharma,Female,33,Nagpur,Maharashtra,West,Gold,Consumer
CUST01712,Karan Patel,Male,64,Thane,Maharashtra,West,Silver,Consumer
CUST01713,Neha Das,Female,38,Karol Bagh,Delhi,North,Gold,Consumer
CUST01714,Divya Joshi,Female,50,Mysuru,Karnataka,South,Silver,Consumer
CUST01715,Pooja Iyer,Female,26,Udaipur,Rajasthan,North,Gold,Consumer
CUST01716,Riya Das,Female,61,Dwarka,Delhi,North,Gold,Corporate
CUST01717,Ananya Iyer,Female,54,Madurai,Tamil Nadu,South,Gold,Consumer
CUST01718,Rahul Das,Male,30,Rajkot,Gujarat,West,Gold,Consumer
CUST01719,Rahul Iyer,Male,25,Noida,Uttar Pradesh,North,Silver,Consumer
CUST01720,Divya Sharma,Female,47,Ahmedabad,Gujarat,West,Silver,Consumer
CUST01721,Rohan Verma,Male,63,Dwarka,Delhi,North,Silver,Consumer
CUST01722,Riya Iyer,Female,35,Lucknow,Uttar Pradesh,North,Gold,Consumer
CUST01723,Amit Das,Male,59,Rohini,Delhi,North,Silver,Consumer
CUST01724,Ananya Kulkarni,Female,32,Varanasi,Uttar Pradesh,North,Gold,Consumer
CUST01725,Kavya Sharma,Female,25,Ahmedabad,Gujarat,West,Gold,Consumer
CUST01726,Divya Verma,Female,28,Ahmedabad,Gujarat,West,Silver,Consumer
CUST01727,Riya Joshi,Female,66,Bengaluru,Karnataka,South,Gold,Consumer
CUST01728,Kavya Verma,Female,38,Madurai,Tamil Nadu,South,Silver,Corporate
CUST01729,Divya Das,Female,30,Kota,Rajasthan,North,Silver,Consumer
CUST01730,Suresh Verma,Male,25,Thane,Maharashtra,West,Silver,Consumer
CUST01731,Aisha Joshi,Female,46,Belagavi,Karnataka,South,Silver,Consumer
CUST01732,Arjun Das,Male,66,Mangaluru,Karnataka,South,Silver,Home Office
CUST01733,Karan Gupta,Male,39,Saket,Delhi,North,Silver,Consumer
CUST01734,Rahul Iyer,Male,69,Ajmer,Rajasthan,North,Silver,Consumer
CUST01735,Ananya Nair,Female,39,Chennai,Tamil Nadu,South,Gold,Consumer
CUST01736,Vivaan Joshi,Male,73,Howrah,West Bengal,East,Gold,Corporate
CUST01737,Priya Singh,Female,25,Agra,Uttar Pradesh,North,Silver,Corporate
CUST01738,Rahul Verma,Male,28,Nagpur,Maharashtra,West,Gold,Consumer
CUST01739,Meera Nair,Female,31,Saket,Delhi,North,Gold,Corporate
CUST01740,Vikram Das,Male,52,Siliguri,West Bengal,East,Gold,Consumer
CUST01741,Sneha Nair,Female,27,Varanasi,Uttar Pradesh,North,Gold,Consumer
CUST01742,Vivaan Iyer,Male,51,Durgapur,West Bengal,East,Platinum,Home Office
CUST01743,Neha Verma,Female,44,Kota,Rajasthan,North,Silver,Consumer
CUST01744,Aisha Sharma,Female,70,Mumbai,Maharashtra,West,Silver,Home Office
CUST01745,Pooja Verma,Female,25,Noida,Uttar Pradesh,North,Platinum,Consumer
CUST01746,Karan Singh,Male,65,Pune,Maharashtra,West,Silver,Home Office
CUST01747,Sneha Kulkarni,Female,39,Ahmedabad,Gujarat,West,Gold,Consumer
CUST01748,Arjun Verma,Male,67,Nagpur,Maharashtra,West,Silver,Consumer
CUST01749,Pooja Sharma,Female,38,Kanpur,Uttar Pradesh,North,Silver,Home Office
CUST01750,Pooja Kulkarni,Female,72,Siliguri,West Bengal,East,Silver,Corporate
CUST01751,Ananya Joshi,Female,44,Varanasi,Uttar Pradesh,North,Silver,Consumer
CUST01752,Karan Verma,Male,63,Thane,Maharashtra,West,Silver,Consumer
CUST01753,Vikram Verma,Male,68,Madurai,Tamil Nadu,South,Gold,Consumer
CUST01754,Arjun Singh,Male,39,Nagpur,Maharashtra,West,Silver,Consumer
CUST01755,Pooja Kulkarni,Female,54,New Delhi,Delhi,North,Platinum,Corporate
CUST01756,Amit Gupta,Male,24,Madurai,Tamil Nadu,South,Silver,Consumer
CUST01757,Aarav Verma,Male,32,Nagpur,Maharashtra,West,Silver,Consumer
CUST01758,Neha Gupta,Female,57,Vadodara,Gujarat,West,Silver,Consumer
CUST01759,Karan Joshi,Male,35,Rajkot,Gujarat,West,Silver,Consumer
CUST01760,Priya Verma,Female,62,Howrah,West Bengal,East,Silver,Consumer
CUST01761,Kavya Gupta,Female,38,Siliguri,West Bengal,East,Silver,Consumer
CUST01762,Kavya Joshi,Female,30,Chennai,Tamil Nadu,South,Silver,Corporate
CUST01763,Aditya Nair,Male,71,Surat,Gujarat,West,Silver,Consumer
CUST01764,Rohan Sharma,Male,39,Kota,Rajasthan,North,Silver,Consumer
CUST01765,Suresh Das,Male,73,New Delhi,Delhi,North,Silver,Consumer
CUST01766,Suresh Sharma,Male,75,Belagavi,Karnataka,South,Silver,Consumer
CUST01767,Priya Sharma,Female,66,Ajmer,Rajasthan,North,Gold,Consumer
CUST01768,Riya Kulkarni,Female,56,Varanasi,Uttar Pradesh,North,Silver,Consumer
CUST01769,Aarav Kulkarni,Male,48,New Delhi,Delhi,North,Gold,Consumer
CUST01770,Rahul Nair,Male,51,Bengaluru,Karnataka,South,Silver,Consumer
CUST01771,Meera Joshi,Female,34,Lucknow,Uttar Pradesh,North,Gold,Consumer
CUST01772,Vikram Joshi,Male,28,Asansol,West Bengal,East,Gold,Consumer
CUST01773,Riya Joshi,Female,39,Mangaluru,Karnataka,South,Silver,Consumer
CUST01774,Sneha Kulkarni,Female,61,Agra,Uttar Pradesh,North,Silver,Home Office
CUST01775,Vikram Patel,Male,59,Udaipur,Rajasthan,North,Gold,Corporate
CUST01776,Arjun Patel,Male,67,Salem,Tamil Nadu,South,Platinum,Corporate
CUST01777,Arjun Verma,Male,65,Kota,Rajasthan,North,Silver,Corporate
CUST01778,Aarav Iyer,Male,42,Siliguri,West Bengal,East,Gold,Consumer
CUST01779,Rahul Joshi,Male,70,Mysuru,Karnataka,South,Silver,Consumer
CUST01780,Aditya Kulkarni,Male,73,Noida,Uttar Pradesh,North,Gold,Consumer
CUST01781,Aarav Nair,Male,64,Lucknow,Uttar Pradesh,North,Gold,Home Office
CUST01782,Aarav Patel,Male,31,Ahmedabad,Gujarat,West,Silver,Home Office
CUST01783,Meera Singh,Female,53,Surat,Gujarat,West,Gold,Consumer
CUST01784,Priya Verma,Female,37,Siliguri,West Bengal,East,Gold,Consumer
CUST01785,Amit Das,Male,48,Coimbatore,Tamil Nadu,South,Silver,Consumer
CUST01786,Sneha Verma,Female,69,Ahmedabad,Gujarat,West,Silver,Consumer
CUST01787,Rohan Verma,Male,53,Ahmedabad,Gujarat,West,Gold,Consumer
CUST01788,Ananya Joshi,Female,53,Rajkot,Gujarat,West,Gold,Consumer
CUST01789,Neha Gupta,Female,56,Ajmer,Rajasthan,North,Platinum,Consumer
CUST01790,Aisha Das,Female,32,Nashik,Maharashtra,West,Silver,Consumer
CUST01791,Rahul Kulkarni,Male,50,Mysuru,Karnataka,South,Silver,Corporate
CUST01792,Aditya Verma,Male,58,Belagavi,Karnataka,South,Silver,Consumer
CUST01793,Rohan Singh,Male,26,New Delhi,Delhi,North,Platinum,Consumer
CUST01794,Kavya Verma,Female,34,Trichy,Tamil Nadu,South,Platinum,Consumer
CUST01795,Rahul Iyer,Male,40,Asansol,West Bengal,East,Gold,Consumer
CUST01796,Kavya Sharma,Female,27,Jodhpur,Rajasthan,North,Silver,Corporate
CUST01797,Priya Nair,Female,44,Ajmer,Rajasthan,North,Silver,Consumer
CUST01798,Vikram Singh,Male,23,Ajmer,Rajasthan,North,Platinum,Consumer
CUST01799,Rohan Singh,Male,71,Dwarka,Delhi,North,Platinum,Consumer
CUST01800,Priya Joshi,Female,58,Surat,Gujarat,West,Gold,Consumer
CUST01801,Karan Iyer,Male,62,Rajkot,Gujarat,West,Gold,Consumer
CUST01802,Aditya Sharma,Male,40,Kanpur,Uttar Pradesh,North,Silver,Consumer
CUST01803,Ananya Iyer,Female,24,Nagpur,Maharashtra,West,Silver,Home Office
CUST01804,Aarav Joshi,Male,58,Pune,Maharashtra,West,Silver,Home Office
CUST01805,Amit Das,Male,35,Thane,Maharashtra,West,Gold,Corporate
CUST01806,Amit Das,Male,30,Rohini,Delhi,North,Silver,Corporate
CUST01807,Pooja Nair,Female,27,Vadodara,Gujarat,West,Platinum,Consumer
CUST01808,Karan Gupta,Male,62,Varanasi,Uttar Pradesh,North,Gold,Consumer
CUST01809,Suresh Joshi,Male,69,Surat,Gujarat,West,Platinum,Home Office
CUST01810,Vivaan Nair,Male,54,Madurai,Tamil Nadu,South,Silver,Consumer
CUST01811,Divya Sharma,Female,64,Hubli,Karnataka,South,Platinum,Consumer
CUST01812,Meera Gupta,Female,32,Surat,Gujarat,West,Gold,Consumer
CUST01813,Meera Singh,Female,57,Trichy,Tamil Nadu,South,Gold,Corporate
CUST01814,Rahul Das,Male,57,Dwarka,Delhi,North,Silver,Consumer
CUST01815,Ananya Joshi,Female,59,Mangaluru,Karnataka,South,Silver,Consumer
CUST01816,Rahul Nair,Male,61,Ahmedabad,Gujarat,West,Silver,Corporate
CUST01817,Rohan Joshi,Male,33,Siliguri,West Bengal,East,Silver,Consumer
CUST01818,Ananya Verma,Female,62,Varanasi,Uttar Pradesh,North,Gold,Home Office
CUST01819,Sneha Singh,Female,62,Pune,Maharashtra,West,Silver,Corporate
CUST01820,Riya Das,Female,43,Nashik,Maharashtra,West,Gold,Consumer
CUST01821,Amit Gupta,Male,63,Pune,Maharashtra,West,Silver,Consumer
CUST01822,Priya Joshi,Female,19,Howrah,West Bengal,East,Silver,Consumer
CUST01823,Aarav Sharma,Male,22,Rohini,Delhi,North,Silver,Consumer
CUST01824,Divya Sharma,Female,37,Mysuru,Karnataka,South,Silver,Home Office
CUST01825,Amit Patel,Male,54,Lucknow,Uttar Pradesh,North,Gold,Consumer
CUST01826,Suresh Kulkarni,Male,30,Ajmer,Rajasthan,North,Silver,Consumer
CUST01827,Amit Das,Male,57,Ajmer,Rajasthan,North,Gold,Consumer
CUST01828,Suresh Iyer,Male,60,Udaipur,Rajasthan,North,Silver,Consumer
CUST01829,Vivaan Kulkarni,Male,69,Mumbai,Maharashtra,West,Silver,Corporate
CUST01830,Aditya Nair,Male,72,Ahmedabad,Gujarat,West,Silver,Consumer
CUST01831,Vikram Das,Male,68,Rohini,Delhi,North,Platinum,Consumer
CUST01832,Rohan Verma,Male,36,Saket,Delhi,North,Gold,Consumer
CUST01833,Vivaan Gupta,Male,30,Durgapur,West Bengal,East,Silver,Home Office
CUST01834,Arjun Joshi,Male,18,Mumbai,Maharashtra,West,Silver,Corporate
CUST01835,Rahul Joshi,Male,63,Agra,Uttar Pradesh,North,Silver,Corporate
CUST01836,Kavya Nair,Female,70,Surat,Gujarat,West,Silver,Consumer
CUST01837,Karan Kulkarni,Male,45,Dwarka,Delhi,North,Silver,Consumer
CUST01838,Pooja Singh,Female,22,Varanasi,Uttar Pradesh,North,Silver,Corporate
CUST01839,Arjun Nair,Male,64,Howrah,West Bengal,East,Gold,Consumer
CUST01840,Amit Sharma,Male,64,Chennai,Tamil Nadu,South,Silver,Corporate
CUST01841,Aarav Joshi,Male,46,Rajkot,Gujarat,West,Silver,Consumer
CUST01842,Vivaan Patel,Male,36,Thane,Maharashtra,West,Silver,Corporate
CUST01843,Kavya Sharma,Female,34,Gandhinagar,Gujarat,West,Silver,Home Office
CUST01844,Karan Patel,Male,41,Noida,Uttar Pradesh,North,Gold,Consumer
CUST01845,Arjun Joshi,Male,56,Pune,Maharashtra,West,Platinum,Consumer
CUST01846,Vivaan Patel,Male,39,Howrah,West Bengal,East,Silver,Corporate
CUST01847,Karan Singh,Male,72,Asansol,West Bengal,East,Silver,Consumer
CUST01848,Aditya Joshi,Male,43,Saket,Delhi,North,Gold,Consumer
CUST01849,Divya Gupta,Female,44,Siliguri,West Bengal,East,Gold,Consumer
CUST01850,Divya Das,Female,49,Ahmedabad,Gujarat,West,Gold,Consumer
CUST01851,Divya Gupta,Female,40,Jaipur,Rajasthan,North,Gold,Consumer
CUST01852,Ananya Kulkarni,Female,51,Pune,Maharashtra,West,Silver,Consumer
CUST01853,Karan Nair,Male,67,Coimbatore,Tamil Nadu,South,Silver,Corporate
CUST01854,Amit Iyer,Male,65,Jodhpur,Rajasthan,North,Silver,Consumer
CUST01855,Kavya Gupta,Female,73,Asansol,West Bengal,East,Silver,Home Office
CUST01856,Divya Joshi,Female,69,Jaipur,Rajasthan,North,Silver,Consumer
CUST01857,Pooja Iyer,Female,26,Jodhpur,Rajasthan,North,Silver,Consumer
CUST01858,Vivaan Kulkarni,Male,56,Mysuru,Karnataka,South,Silver,Home Office
CUST01859,Pooja Kulkarni,Female,20,Nashik,Maharashtra,West,Silver,Home Office
CUST01860,Sneha Nair,Female,25,Karol Bagh,Delhi,North,Platinum,Home Office
CUST01861,Aisha Das,Female,40,Noida,Uttar Pradesh,North,Silver,Consumer
CUST01862,Rohan Patel,Male,48,Varanasi,Uttar Pradesh,North,Silver,Consumer
CUST01863,Riya Patel,Female,34,Durgapur,West Bengal,East,Gold,Consumer
CUST01864,Sneha Das,Female,38,Rajkot,Gujarat,West,Silver,Consumer
CUST01865,Arjun Iyer,Male,34,Asansol,West Bengal,East,Silver,Corporate
CUST01866,Amit Kulkarni,Male,55,Coimbatore,Tamil Nadu,South,Gold,Consumer
CUST01867,Pooja Kulkarni,Female,43,Howrah,West Bengal,East,Silver,Consumer
CUST01868,Sneha Sharma,Female,48,Jodhpur,Rajasthan,North,Silver,Consumer
CUST01869,Vivaan Verma,Male,29,Gandhinagar,Gujarat,West,Silver,Consumer
CUST01870,Aisha Nair,Female,57,Coimbatore,Tamil Nadu,South,Silver,Consumer
CUST01871,Vikram Joshi,Male,46,Asansol,West Bengal,East,Gold,Home Office
CUST01872,Rahul Iyer,Male,45,Udaipur,Rajasthan,North,Gold,Consumer
CUST01873,Aisha Joshi,Female,58,Thane,Maharashtra,West,Silver,Consumer
CUST01874,Rohan Singh,Male,56,Durgapur,West Bengal,East,Gold,Home Office
CUST01875,Meera Kulkarni,Female,25,Asansol,West Bengal,East,Silver,Consumer
CUST01876,Ananya Gupta,Female,28,Noida,Uttar Pradesh,North,Silver,Consumer
CUST01877,Neha Patel,Female,40,Lucknow,Uttar Pradesh,North,Silver,Consumer
CUST01878,Pooja Joshi,Female,63,Vadodara,Gujarat,West,Gold,Consumer
CUST01879,Aarav Singh,Male,56,Jaipur,Rajasthan,North,Gold,Consumer
CUST01880,Aditya Sharma,Male,54,Surat,Gujarat,West,Gold,Consumer
CUST01881,Pooja Nair,Female,41,Surat,Gujarat,West,Gold,Consumer
CUST01882,Kavya Sharma,Female,23,Bengaluru,Karnataka,South,Silver,Consumer
CUST01883,Priya Singh,Female,73,Mumbai,Maharashtra,West,Gold,Corporate
CUST01884,Vikram Kulkarni,Male,49,Karol Bagh,Delhi,North,Gold,Consumer
CUST01885,Rohan Patel,Male,26,Nashik,Maharashtra,West,Silver,Consumer
CUST01886,Amit Das,Male,33,Mumbai,Maharashtra,West,Gold,Home Office
CUST01887,Rohan Verma,Male,36,Jaipur,Rajasthan,North,Silver,Consumer
CUST01888,Aarav Das,Male,68,Kanpur,Uttar Pradesh,North,Platinum,Corporate
CUST01889,Arjun Kulkarni,Male,26,Dwarka,Delhi,North,Silver,Corporate
CUST01890,Amit Patel,Male,50,Varanasi,Uttar Pradesh,North,Silver,Consumer
CUST01891,Aarav Verma,Male,48,Salem,Tamil Nadu,South,Gold,Corporate
CUST01892,Aisha Gupta,Female,35,Nagpur,Maharashtra,West,Platinum,Consumer
CUST01893,Vivaan Sharma,Male,28,Karol Bagh,Delhi,North,Platinum,Consumer
CUST01894,Riya Sharma,Female,49,Ahmedabad,Gujarat,West,Silver,Consumer
CUST01895,Vikram Patel,Male,20,Bengaluru,Karnataka,South,Silver,Corporate
CUST01896,Aditya Gupta,Male,55,Jodhpur,Rajasthan,North,Silver,Consumer
CUST01897,Pooja Patel,Female,71,Vadodara,Gujarat,West,Platinum,Consumer
CUST01898,Aarav Joshi,Male,54,Nagpur,Maharashtra,West,Silver,Corporate
CUST01899,Suresh Verma,Male,21,Belagavi,Karnataka,South,Gold,Consumer
CUST01900,Pooja Iyer,Female,58,Kolkata,West Bengal,East,Silver,Consumer
CUST01901,Amit Gupta,Male,25,Mangaluru,Karnataka,South,Gold,Consumer
CUST01902,Rohan Gupta,Male,62,Ahmedabad,Gujarat,West,Silver,Home Office
CUST01903,Sneha Das,Female,69,Coimbatore,Tamil Nadu,South,Gold,Consumer
CUST01904,Sneha Kulkarni,Female,62,Howrah,West Bengal,East,Gold,Consumer
CUST01905,Ananya Das,Female,49,Nashik,Maharashtra,West,Silver,Consumer
CUST01906,Neha Nair,Female,20,Belagavi,Karnataka,South,Silver,Consumer
CUST01907,Arjun Gupta,Male,45,Nagpur,Maharashtra,West,Silver,Home Office
CUST01908,Neha Verma,Female,39,Jodhpur,Rajasthan,North,Silver,Consumer
CUST01909,Kavya Patel,Female,29,Asansol,West Bengal,East,Gold,Corporate
CUST01910,Divya Gupta,Female,22,Hubli,Karnataka,South,Platinum,Home Office
CUST01911,Arjun Verma,Male,26,Noida,Uttar Pradesh,North,Silver,Consumer
CUST01912,Aisha Singh,Female,29,Vadodara,Gujarat,West,Silver,Consumer
CUST01913,Kavya Patel,Female,29,Madurai,Tamil Nadu,South,Silver,Corporate
CUST01914,Karan Das,Male,47,Thane,Maharashtra,West,Gold,Consumer
CUST01915,Priya Sharma,Female,32,Jaipur,Rajasthan,North,Silver,Home Office
CUST01916,Karan Verma,Male,60,Howrah,West Bengal,East,Silver,Corporate
CUST01917,Rahul Kulkarni,Male,64,New Delhi,Delhi,North,Silver,Consumer
CUST01918,Karan Iyer,Male,48,Rajkot,Gujarat,West,Gold,Consumer
CUST01919,Aisha Patel,Female,57,Kanpur,Uttar Pradesh,North,Gold,Consumer
CUST01920,Sneha Singh,Female,21,Jaipur,Rajasthan,North,Gold,Consumer
CUST01921,Meera Nair,Female,30,Udaipur,Rajasthan,North,Silver,Corporate
CUST01922,Aarav Gupta,Male,55,Siliguri,West Bengal,East,Silver,Corporate
CUST01923,Rohan Joshi,Male,37,Chennai,Tamil Nadu,South,Silver,Consumer
CUST01924,Karan Kulkarni,Male,71,Madurai,Tamil Nadu,South,Silver,Consumer
CUST01925,Kavya Nair,Female,52,Siliguri,West Bengal,East,Platinum,Consumer
CUST01926,Kavya Joshi,Female,31,Dwarka,Delhi,North,Gold,Consumer
CUST01927,Aisha Kulkarni,Female,75,Trichy,Tamil Nadu,South,Silver,Consumer
CUST01928,Aisha Iyer,Female,36,Salem,Tamil Nadu,South,Silver,Consumer
CUST01929,Vikram Singh,Male,74,Hubli,Karnataka,South,Silver,Consumer
CUST01930,Ananya Sharma,Female,65,Jodhpur,Rajasthan,North,Silver,Consumer
CUST01931,Vivaan Nair,Male,65,Asansol,West Bengal,East,Gold,Consumer
CUST01932,Aditya Kulkarni,Male,36,Hubli,Karnataka,South,Gold,Home Office
CUST01933,Pooja Singh,Female,23,Ajmer,Rajasthan,North,Silver,Consumer
CUST01934,Karan Iyer,Male,29,Howrah,West Bengal,East,Silver,Consumer
CUST01935,Rahul Kulkarni,Male,35,Udaipur,Rajasthan,North,Silver,Consumer
CUST01936,Aditya Nair,Male,44,Ahmedabad,Gujarat,West,Platinum,Consumer
CUST01937,Vikram Gupta,Male,71,Saket,Delhi,North,Silver,Corporate
CUST01938,Vivaan Verma,Male,42,Mangaluru,Karnataka,South,Gold,Consumer
CUST01939,Arjun Singh,Male,31,Rajkot,Gujarat,West,Gold,Corporate
CUST01940,Karan Das,Male,62,Rohini,Delhi,North,Gold,Consumer
CUST01941,Aarav Gupta,Male,19,Vadodara,Gujarat,West,Silver,Consumer
CUST01942,Amit Joshi,Male,69,Dwarka,Delhi,North,Silver,Consumer
CUST01943,Pooja Singh,Female,20,Udaipur,Rajasthan,North,Silver,Corporate
CUST01944,Amit Verma,Male,32,Salem,Tamil Nadu,South,Silver,Consumer
CUST01945,Suresh Das,Male,27,Mangaluru,Karnataka,South,Silver,Corporate
CUST01946,Kavya Nair,Female,64,Madurai,Tamil Nadu,South,Platinum,Corporate
CUST01947,Aisha Nair,Female,54,Kolkata,West Bengal,East,Silver,Corporate
CUST01948,Suresh Iyer,Male,55,Ajmer,Rajasthan,North,Silver,Consumer
CUST01949,Karan Singh,Male,18,Rohini,Delhi,North,Gold,Home Office
CUST01950,Sneha Verma,Female,75,Agra,Uttar Pradesh,North,Silver,Consumer
CUST01951,Ananya Gupta,Female,35,Ahmedabad,Gujarat,West,Silver,Consumer
CUST01952,Rahul Joshi,Male,25,Dwarka,Delhi,North,Gold,Consumer
CUST01953,Karan Kulkarni,Male,65,Bengaluru,Karnataka,South,Silver,Consumer
CUST01954,Neha Iyer,Female,35,Belagavi,Karnataka,South,Silver,Consumer
CUST01955,Arjun Das,Male,51,Lucknow,Uttar Pradesh,North,Silver,Corporate
CUST01956,Aarav Iyer,Male,43,Saket,Delhi,North,Gold,Consumer
CUST01957,Karan Iyer,Male,35,Surat,Gujarat,West,Silver,Corporate
CUST01958,Vikram Das,Male,75,Varanasi,Uttar Pradesh,North,Gold,Consumer
CUST01959,Aditya Sharma,Male,39,Mysuru,Karnataka,South,Gold,Corporate
CUST01960,Amit Sharma,Male,73,Gandhinagar,Gujarat,West,Gold,Consumer
CUST01961,Suresh Kulkarni,Male,31,Varanasi,Uttar Pradesh,North,Silver,Home Office
CUST01962,Vivaan Nair,Male,41,Varanasi,Uttar Pradesh,North,Silver,Consumer
CUST01963,Riya Singh,Female,59,Vadodara,Gujarat,West,Silver,Corporate
CUST01964,Meera Sharma,Female,64,Coimbatore,Tamil Nadu,South,Gold,Consumer
CUST01965,Divya Iyer,Female,30,Hubli,Karnataka,South,Silver,Consumer
CUST01966,Ananya Gupta,Female,54,Lucknow,Uttar Pradesh,North,Silver,Consumer
CUST01967,Neha Joshi,Female,49,Surat,Gujarat,West,Silver,Consumer
CUST01968,Suresh Gupta,Male,66,Mysuru,Karnataka,South,Silver,Consumer
CUST01969,Kavya Patel,Female,56,Chennai,Tamil Nadu,South,Silver,Consumer
CUST01970,Karan Joshi,Male,75,Ahmedabad,Gujarat,West,Silver,Corporate
CUST01971,Sneha Patel,Female,30,Coimbatore,Tamil Nadu,South,Gold,Corporate
CUST01972,Rahul Verma,Male,37,Belagavi,Karnataka,South,Silver,Corporate
CUST01973,Rahul Sharma,Male,28,Thane,Maharashtra,West,Silver,Consumer
CUST01974,Suresh Nair,Male,32,Kanpur,Uttar Pradesh,North,Silver,Corporate
CUST01975,Karan Nair,Male,47,Noida,Uttar Pradesh,North,Gold,Consumer
CUST01976,Aisha Nair,Female,53,Nashik,Maharashtra,West,Silver,Consumer
CUST01977,Rahul Kulkarni,Male,46,Pune,Maharashtra,West,Silver,Corporate
CUST01978,Sneha Gupta,Female,67,Siliguri,West Bengal,East,Gold,Consumer
CUST01979,Rahul Das,Male,30,Kanpur,Uttar Pradesh,North,Silver,Corporate
CUST01980,Suresh Iyer,Male,20,Nashik,Maharashtra,West,Silver,Consumer
CUST01981,Aisha Singh,Female,65,New Delhi,Delhi,North,Silver,Consumer
CUST01982,Vivaan Verma,Male,70,Agra,Uttar Pradesh,North,Silver,Consumer
CUST01983,Vivaan Singh,Male,51,Madurai,Tamil Nadu,South,Gold,Consumer
CUST01984,Aarav Gupta,Male,60,Mysuru,Karnataka,South,Silver,Corporate
CUST01985,Neha Das,Female,43,Kanpur,Uttar Pradesh,North,Silver,Consumer
CUST01986,Rahul Kulkarni,Male,41,Coimbatore,Tamil Nadu,South,Gold,Consumer
CUST01987,Pooja Iyer,Female,47,Mysuru,Karnataka,South,Platinum,Consumer
CUST01988,Priya Verma,Female,67,Agra,Uttar Pradesh,North,Gold,Corporate
CUST01989,Ananya Verma,Female,42,Gandhinagar,Gujarat,West,Gold,Corporate
CUST01990,Rahul Iyer,Male,24,Ajmer,Rajasthan,North,Gold,Consumer
CUST01991,Priya Gupta,Female,68,Vadodara,Gujarat,West,Silver,Home Office
CUST01992,Aisha Das,Female,51,Asansol,West Bengal,East,Silver,Consumer
CUST01993,Neha Kulkarni,Female,47,Dwarka,Delhi,North,Gold,Corporate
CUST01994,Kavya Gupta,Female,68,Kanpur,Uttar Pradesh,North,Silver,Consumer
CUST01995,Priya Gupta,Female,58,Jodhpur,Rajasthan,North,Silver,Home Office
CUST01996,Sneha Iyer,Female,50,Jaipur,Rajasthan,North,Gold,Consumer
CUST01997,Vivaan Iyer,Male,40,Mangaluru,Karnataka,South,Silver,Consumer
CUST01998,Suresh Patel,Male,27,Lucknow,Uttar Pradesh,North,Silver,Consumer
CUST01999,Suresh Verma,Male,21,Madurai,Tamil Nadu,South,Gold,Corporate
CUST02000,Neha Kulkarni,Female,57,Rajkot,Gujarat,West,Silver,Home Office
CUST02001,Aditya Nair,Male,33,Howrah,West Bengal,East,Silver,Home Office
CUST02002,Vikram Sharma,Male,36,Bengaluru,Karnataka,South,Silver,Consumer
CUST02003,Suresh Patel,Male,36,Gandhinagar,Gujarat,West,Silver,Consumer
CUST02004,Sneha Iyer,Female,23,Coimbatore,Tamil Nadu,South,Silver,Consumer
CUST02005,Rohan Patel,Male,42,Saket,Delhi,North,Silver,Consumer
CUST02006,Divya Joshi,Female,54,Karol Bagh,Delhi,North,Gold,Consumer
CUST02007,Arjun Verma,Male,62,Asansol,West Bengal,East,Silver,Home Office
CUST02008,Suresh Singh,Male,67,Rajkot,Gujarat,West,Gold,Home Office
CUST02009,Amit Iyer,Male,44,Rajkot,Gujarat,West,Gold,Consumer
CUST02010,Rohan Gupta,Male,33,Karol Bagh,Delhi,North,Silver,Consumer
CUST02011,Rohan Singh,Male,22,Hubli,Karnataka,South,Platinum,Consumer
CUST02012,Priya Patel,Female,31,Mysuru,Karnataka,South,Silver,Corporate
CUST02013,Vikram Patel,Male,42,Jaipur,Rajasthan,North,Gold,Corporate
CUST02014,Rahul Singh,Male,71,Kota,Rajasthan,North,Silver,Consumer
CUST02015,Priya Joshi,Female,43,Nagpur,Maharashtra,West,Gold,Consumer
CUST02016,Aisha Das,Female,42,Udaipur,Rajasthan,North,Gold,Consumer
CUST02017,Ananya Patel,Female,69,Jodhpur,Rajasthan,North,Platinum,Consumer
CUST02018,Sneha Das,Female,47,Mumbai,Maharashtra,West,Gold,Consumer
CUST02019,Neha Nair,Female,72,Thane,Maharashtra,West,Silver,Consumer
CUST02020,Arjun Patel,Male,54,Lucknow,Uttar Pradesh,North,Gold,Consumer
CUST02021,Amit Nair,Male,63,Trichy,Tamil Nadu,South,Gold,Corporate
CUST02022,Rohan Verma,Male,60,Surat,Gujarat,West,Silver,Corporate
CUST02023,Arjun Singh,Male,52,Kolkata,West Bengal,East,Silver,Consumer
CUST02024,Aditya Patel,Male,33,Durgapur,West Bengal,East,Silver,Corporate
CUST02025,Arjun Verma,Male,21,Durgapur,West Bengal,East,Gold,Corporate
CUST02026,Suresh Sharma,Male,51,Varanasi,Uttar Pradesh,North,Silver,Consumer
CUST02027,Meera Iyer,Female,22,Saket,Delhi,North,Silver,Consumer
CUST02028,Aisha Das,Female,43,Coimbatore,Tamil Nadu,South,Gold,Home Office
CUST02029,Amit Joshi,Male,42,Agra,Uttar Pradesh,North,Silver,Consumer
CUST02030,Aisha Sharma,Female,66,Jodhpur,Rajasthan,North,Silver,Home Office
CUST02031,Priya Iyer,Female,71,Agra,Uttar Pradesh,North,Silver,Home Office
CUST02032,Aarav Verma,Male,41,Trichy,Tamil Nadu,South,Silver,Consumer
CUST02033,Vivaan Gupta,Male,39,Ahmedabad,Gujarat,West,Gold,Home Office
CUST02034,Ananya Sharma,Female,72,Coimbatore,Tamil Nadu,South,Silver,Consumer
CUST02035,Divya Sharma,Female,49,Pune,Maharashtra,West,Platinum,Consumer
CUST02036,Vikram Singh,Male,20,Madurai,Tamil Nadu,South,Gold,Corporate
CUST02037,Riya Das,Female,36,New Delhi,Delhi,North,Silver,Corporate
CUST02038,Rahul Gupta,Male,71,Lucknow,Uttar Pradesh,North,Silver,Consumer
CUST02039,Priya Kulkarni,Female,42,Gandhinagar,Gujarat,West,Silver,Consumer
CUST02040,Aditya Gupta,Male,70,New Delhi,Delhi,North,Gold,Corporate
CUST02041,Kavya Kulkarni,Female,27,Kanpur,Uttar Pradesh,North,Silver,Corporate
CUST02042,Arjun Das,Male,70,Durgapur,West Bengal,East,Gold,Consumer
CUST02043,Aditya Iyer,Male,70,Saket,Delhi,North,Gold,Corporate
CUST02044,Pooja Singh,Female,44,Ajmer,Rajasthan,North,Gold,Consumer
CUST02045,Aisha Singh,Female,18,Hubli,Karnataka,South,Silver,Consumer
CUST02046,Neha Gupta,Female,45,Nashik,Maharashtra,West,Silver,Consumer
CUST02047,Karan Gupta,Male,47,Kota,Rajasthan,North,Silver,Corporate
CUST02048,Arjun Sharma,Male,46,Asansol,West Bengal,East,Silver,Consumer
CUST02049,Arjun Patel,Male,71,Vadodara,Gujarat,West,Silver,Consumer
CUST02050,Kavya Sharma,Female,26,Ahmedabad,Gujarat,West,Silver,Home Office
CUST02051,Aisha Kulkarni,Female,19,Ajmer,Rajasthan,North,Silver,Consumer
CUST02052,Aisha Singh,Female,34,Saket,Delhi,North,Platinum,Corporate
CUST02053,Aisha Joshi,Female,69,Vadodara,Gujarat,West,Silver,Consumer
CUST02054,Aarav Nair,Male,41,Nashik,Maharashtra,West,Silver,Consumer
CUST02055,Rahul Patel,Male,18,Madurai,Tamil Nadu,South,Silver,Consumer
CUST02056,Riya Verma,Female,68,Rohini,Delhi,North,Silver,Consumer
CUST02057,Suresh Patel,Male,60,Ahmedabad,Gujarat,West,Gold,Corporate
CUST02058,Ananya Verma,Female,36,Durgapur,West Bengal,East,Gold,Consumer
CUST02059,Priya Das,Female,34,Kolkata,West Bengal,East,Silver,Corporate
CUST02060,Karan Kulkarni,Male,26,Udaipur,Rajasthan,North,Silver,Consumer
CUST02061,Neha Kulkarni,Female,39,Dwarka,Delhi,North,Silver,Consumer
CUST02062,Pooja Gupta,Female,74,Agra,Uttar Pradesh,North,Silver,Corporate
CUST02063,Suresh Joshi,Male,59,Trichy,Tamil Nadu,South,Gold,Consumer
CUST02064,Kavya Verma,Female,20,Belagavi,Karnataka,South,Silver,Consumer
CUST02065,Rahul Das,Male,52,Thane,Maharashtra,West,Gold,Consumer
CUST02066,Divya Joshi,Female,40,Gandhinagar,Gujarat,West,Silver,Consumer
CUST02067,Sneha Nair,Female,45,Trichy,Tamil Nadu,South,Silver,Home Office
CUST02068,Karan Gupta,Male,57,Thane,Maharashtra,West,Gold,Consumer
CUST02069,Divya Kulkarni,Female,62,Mangaluru,Karnataka,South,Silver,Consumer
CUST02070,Aisha Iyer,Female,66,Surat,Gujarat,West,Silver,Consumer
CUST02071,Karan Iyer,Male,42,New Delhi,Delhi,North,Silver,Consumer
CUST02072,Arjun Iyer,Male,62,Belagavi,Karnataka,South,Silver,Consumer
CUST02073,Aditya Das,Male,71,Ahmedabad,Gujarat,West,Silver,Consumer
CUST02074,Karan Patel,Male,37,Mangaluru,Karnataka,South,Silver,Corporate
CUST02075,Arjun Patel,Male,42,Udaipur,Rajasthan,North,Gold,Consumer
CUST02076,Meera Joshi,Female,41,Jaipur,Rajasthan,North,Platinum,Home Office
CUST02077,Vikram Nair,Male,34,Thane,Maharashtra,West,Silver,Consumer
CUST02078,Divya Verma,Female,70,Thane,Maharashtra,West,Gold,Consumer
CUST02079,Rohan Singh,Male,39,Vadodara,Gujarat,West,Silver,Consumer
CUST02080,Amit Nair,Male,52,Udaipur,Rajasthan,North,Silver,Consumer
CUST02081,Ananya Iyer,Female,53,Salem,Tamil Nadu,South,Gold,Consumer
CUST02082,Aisha Patel,Female,67,Vadodara,Gujarat,West,Gold,Consumer
CUST02083,Kavya Kulkarni,Female,47,Varanasi,Uttar Pradesh,North,Gold,Consumer
CUST02084,Riya Iyer,Female,74,Mumbai,Maharashtra,West,Silver,Consumer
CUST02085,Vivaan Joshi,Male,53,Belagavi,Karnataka,South,Silver,Corporate
CUST02086,Suresh Gupta,Male,45,Durgapur,West Bengal,East,Silver,Corporate
CUST02087,Riya Kulkarni,Female,25,Hubli,Karnataka,South,Silver,Consumer
CUST02088,Meera Patel,Female,26,New Delhi,Delhi,North,Silver,Home Office
CUST02089,Aditya Verma,Male,42,Karol Bagh,Delhi,North,Silver,Consumer
CUST02090,Priya Sharma,Female,66,Agra,Uttar Pradesh,North,Gold,Consumer
CUST02091,Vikram Patel,Male,39,Mysuru,Karnataka,South,Silver,Consumer
CUST02092,Suresh Sharma,Male,34,Nagpur,Maharashtra,West,Silver,Home Office
CUST02093,Rohan Sharma,Male,56,Kolkata,West Bengal,East,Silver,Consumer
CUST02094,Aisha Sharma,Female,62,Varanasi,Uttar Pradesh,North,Silver,Consumer
CUST02095,Riya Iyer,Female,32,Salem,Tamil Nadu,South,Silver,Consumer
CUST02096,Amit Singh,Male,39,Mangaluru,Karnataka,South,Silver,Home Office
CUST02097,Rohan Patel,Male,19,Siliguri,West Bengal,East,Silver,Corporate
CUST02098,Rahul Patel,Male,28,Howrah,West Bengal,East,Silver,Corporate
CUST02099,Meera Nair,Female,64,Durgapur,West Bengal,East,Silver,Consumer
CUST02100,Suresh Patel,Male,58,Belagavi,Karnataka,South,Silver,Home Office
CUST02101,Karan Singh,Male,26,Kolkata,West Bengal,East,Silver,Corporate
CUST02102,Sneha Patel,Female,60,Ajmer,Rajasthan,North,Gold,Consumer
CUST02103,Aditya Sharma,Male,69,Agra,Uttar Pradesh,North,Silver,Consumer
CUST02104,Neha Iyer,Female,67,Ajmer,Rajasthan,North,Silver,Home Office
CUST02105,Priya Kulkarni,Female,71,Durgapur,West Bengal,East,Silver,Consumer
CUST02106,Riya Iyer,Female,51,Vadodara,Gujarat,West,Platinum,Consumer
CUST02107,Karan Das,Male,40,Kota,Rajasthan,North,Silver,Consumer
CUST02108,Neha Sharma,Female,32,Jodhpur,Rajasthan,North,Silver,Consumer
CUST02109,Amit Iyer,Male,52,Ajmer,Rajasthan,North,Gold,Consumer
CUST02110,Aarav Sharma,Male,75,Nagpur,Maharashtra,West,Silver,Consumer
CUST02111,Divya Nair,Female,50,Nashik,Maharashtra,West,Silver,Consumer
CUST02112,Neha Gupta,Female,59,Siliguri,West Bengal,East,Gold,Consumer
CUST02113,Vivaan Kulkarni,Male,29,Jodhpur,Rajasthan,North,Silver,Consumer
CUST02114,Kavya Nair,Female,64,Gandhinagar,Gujarat,West,Gold,Consumer
CUST02115,Rahul Das,Male,40,New Delhi,Delhi,North,Silver,Consumer
CUST02116,Pooja Joshi,Female,70,Chennai,Tamil Nadu,South,Platinum,Consumer
CUST02117,Aarav Kulkarni,Male,32,Howrah,West Bengal,East,Silver,Consumer
CUST02118,Amit Singh,Male,63,Coimbatore,Tamil Nadu,South,Silver,Consumer
CUST02119,Priya Nair,Female,69,Ajmer,Rajasthan,North,Platinum,Home Office
CUST02120,Aarav Gupta,Male,70,Coimbatore,Tamil Nadu,South,Gold,Home Office
CUST02121,Pooja Singh,Female,43,Mumbai,Maharashtra,West,Gold,Consumer
CUST02122,Rahul Nair,Male,45,Bengaluru,Karnataka,South,Silver,Consumer
CUST02123,Riya Gupta,Female,32,Gandhinagar,Gujarat,West,Gold,Consumer
CUST02124,Aditya Singh,Male,62,Thane,Maharashtra,West,Silver,Consumer
CUST02125,Kavya Gupta,Female,59,Kolkata,West Bengal,East,Gold,Consumer
CUST02126,Vikram Singh,Male,41,Kota,Rajasthan,North,Silver,Corporate
CUST02127,Vivaan Das,Male,73,Agra,Uttar Pradesh,North,Silver,Consumer
CUST02128,Rahul Das,Male,38,Pune,Maharashtra,West,Silver,Consumer
CUST02129,Sneha Gupta,Female,25,Kolkata,West Bengal,East,Silver,Consumer
CUST02130,Arjun Nair,Male,72,Noida,Uttar Pradesh,North,Gold,Consumer
CUST02131,Aarav Gupta,Male,65,Howrah,West Bengal,East,Silver,Consumer
CUST02132,Aarav Iyer,Male,30,Kolkata,West Bengal,East,Silver,Corporate
CUST02133,Pooja Joshi,Female,73,Belagavi,Karnataka,South,Gold,Corporate
CUST02134,Neha Singh,Female,74,Asansol,West Bengal,East,Gold,Consumer
CUST02135,Riya Verma,Female,23,Coimbatore,Tamil Nadu,South,Gold,Corporate
CUST02136,Vivaan Verma,Male,41,Rajkot,Gujarat,West,Silver,Consumer
CUST02137,Pooja Das,Female,47,Belagavi,Karnataka,South,Platinum,Corporate
CUST02138,Aarav Singh,Male,64,Ahmedabad,Gujarat,West,Gold,Consumer
CUST02139,Aarav Gupta,Male,33,Rohini,Delhi,North,Gold,Home Office
CUST02140,Sneha Gupta,Female,63,Lucknow,Uttar Pradesh,North,Gold,Home Office
CUST02141,Aditya Kulkarni,Male,70,Thane,Maharashtra,West,Silver,Home Office
CUST02142,Aditya Joshi,Male,40,Howrah,West Bengal,East,Silver,Home Office
CUST02143,Aarav Verma,Male,70,Ahmedabad,Gujarat,West,Gold,Consumer
CUST02144,Vivaan Sharma,Male,25,Saket,Delhi,North,Silver,Consumer
CUST02145,Rahul Verma,Male,74,Rohini,Delhi,North,Platinum,Consumer
CUST02146,Karan Kulkarni,Male,26,Mysuru,Karnataka,South,Silver,Consumer
CUST02147,Ananya Verma,Female,21,Asansol,West Bengal,East,Gold,Consumer
CUST02148,Ananya Patel,Female,29,Ajmer,Rajasthan,North,Gold,Corporate
CUST02149,Vikram Joshi,Male,42,Howrah,West Bengal,East,Gold,Consumer
CUST02150,Vivaan Iyer,Male,28,Kanpur,Uttar Pradesh,North,Gold,Corporate
CUST02151,Karan Gupta,Male,42,Agra,Uttar Pradesh,North,Silver,Consumer
CUST02152,Suresh Sharma,Male,63,Karol Bagh,Delhi,North,Gold,Corporate
CUST02153,Kavya Kulkarni,Female,67,Nashik,Maharashtra,West,Gold,Consumer
CUST02154,Pooja Patel,Female,34,Rohini,Delhi,North,Gold,Corporate
CUST02155,Arjun Nair,Male,25,Madurai,Tamil Nadu,South,Silver,Consumer
CUST02156,Riya Gupta,Female,18,Kota,Rajasthan,North,Silver,Consumer
CUST02157,Rahul Das,Male,48,Rajkot,Gujarat,West,Silver,Consumer
CUST02158,Divya Patel,Female,41,Belagavi,Karnataka,South,Silver,Consumer
CUST02159,Kavya Patel,Female,51,Howrah,West Bengal,East,Gold,Consumer
CUST02160,Ananya Gupta,Female,69,Durgapur,West Bengal,East,Silver,Consumer
CUST02161,Amit Patel,Male,57,Belagavi,Karnataka,South,Platinum,Consumer
CUST02162,Divya Iyer,Female,24,Mangaluru,Karnataka,South,Silver,Consumer
CUST02163,Rohan Iyer,Male,48,Howrah,West Bengal,East,Gold,Corporate
CUST02164,Pooja Kulkarni,Female,24,New Delhi,Delhi,North,Silver,Consumer
CUST02165,Sneha Verma,Female,57,Salem,Tamil Nadu,South,Gold,Consumer
CUST02166,Ananya Nair,Female,62,Kota,Rajasthan,North,Platinum,Consumer
CUST02167,Neha Verma,Female,50,Coimbatore,Tamil Nadu,South,Gold,Corporate
CUST02168,Karan Patel,Male,71,Belagavi,Karnataka,South,Silver,Consumer
CUST02169,Aarav Singh,Male,38,Jodhpur,Rajasthan,North,Platinum,Home Office
CUST02170,Kavya Das,Female,24,Varanasi,Uttar Pradesh,North,Platinum,Home Office
CUST02171,Karan Iyer,Male,28,Bengaluru,Karnataka,South,Platinum,Consumer
CUST02172,Karan Gupta,Male,50,Siliguri,West Bengal,East,Silver,Corporate
CUST02173,Meera Iyer,Female,23,Kolkata,West Bengal,East,Silver,Corporate
CUST02174,Suresh Sharma,Male,58,Rajkot,Gujarat,West,Silver,Corporate
CUST02175,Divya Singh,Female,27,Mysuru,Karnataka,South,Gold,Consumer
CUST02176,Divya Kulkarni,Female,62,Salem,Tamil Nadu,South,Silver,Corporate
CUST02177,Ananya Gupta,Female,30,Jodhpur,Rajasthan,North,Silver,Consumer
CUST02178,Riya Singh,Female,46,Mangaluru,Karnataka,South,Silver,Corporate
CUST02179,Aarav Nair,Male,32,Vadodara,Gujarat,West,Gold,Consumer
CUST02180,Amit Joshi,Male,26,Asansol,West Bengal,East,Silver,Home Office
CUST02181,Divya Patel,Female,18,Pune,Maharashtra,West,Silver,Consumer
CUST02182,Amit Nair,Male,54,Karol Bagh,Delhi,North,Platinum,Consumer
CUST02183,Meera Kulkarni,Female,58,Pune,Maharashtra,West,Gold,Consumer
CUST02184,Amit Nair,Male,27,Varanasi,Uttar Pradesh,North,Silver,Consumer
CUST02185,Aisha Nair,Female,19,Bengaluru,Karnataka,South,Gold,Corporate
CUST02186,Aarav Joshi,Male,59,Kolkata,West Bengal,East,Gold,Consumer
CUST02187,Aditya Singh,Male,63,Ajmer,Rajasthan,North,Gold,Consumer
CUST02188,Rahul Gupta,Male,25,Chennai,Tamil Nadu,South,Silver,Consumer
CUST02189,Vivaan Sharma,Male,46,Rajkot,Gujarat,West,Silver,Corporate
CUST02190,Pooja Singh,Female,71,Thane,Maharashtra,West,Silver,Consumer
CUST02191,Aarav Kulkarni,Male,32,Nagpur,Maharashtra,West,Silver,Corporate
CUST02192,Vivaan Das,Male,21,Saket,Delhi,North,Platinum,Consumer
CUST02193,Kavya Joshi,Female,49,Udaipur,Rajasthan,North,Silver,Corporate
CUST02194,Aditya Kulkarni,Male,61,Agra,Uttar Pradesh,North,Gold,Consumer
CUST02195,Neha Das,Female,41,Saket,Delhi,North,Silver,Consumer
CUST02196,Suresh Das,Male,33,Lucknow,Uttar Pradesh,North,Silver,Corporate
CUST02197,Divya Verma,Female,45,Ajmer,Rajasthan,North,Silver,Consumer
CUST02198,Rohan Das,Male,69,Kolkata,West Bengal,East,Silver,Consumer
CUST02199,Amit Kulkarni,Male,73,Surat,Gujarat,West,Silver,Home Office
CUST02200,Kavya Joshi,Female,68,Varanasi,Uttar Pradesh,North,Silver,Corporate
CUST02201,Kavya Singh,Female,58,Vadodara,Gujarat,West,Silver,Consumer
CUST02202,Sneha Nair,Female,50,Mumbai,Maharashtra,West,Silver,Consumer
CUST02203,Suresh Singh,Male,68,Belagavi,Karnataka,South,Gold,Consumer
CUST02204,Arjun Nair,Male,75,Nagpur,Maharashtra,West,Silver,Consumer
CUST02205,Arjun Joshi,Male,57,Chennai,Tamil Nadu,South,Platinum,Consumer
CUST02206,Karan Iyer,Male,19,Rajkot,Gujarat,West,Platinum,Consumer
CUST02207,Rahul Joshi,Male,48,Mangaluru,Karnataka,South,Gold,Consumer
CUST02208,Ananya Kulkarni,Female,31,Siliguri,West Bengal,East,Silver,Consumer
CUST02209,Kavya Patel,Female,62,Rajkot,Gujarat,West,Gold,Consumer
CUST02210,Rahul Nair,Male,24,Kota,Rajasthan,North,Gold,Consumer
CUST02211,Vivaan Joshi,Male,18,Jodhpur,Rajasthan,North,Silver,Consumer
CUST02212,Aarav Singh,Male,53,Dwarka,Delhi,North,Gold,Consumer
CUST02213,Rahul Sharma,Male,31,Varanasi,Uttar Pradesh,North,Silver,Consumer
CUST02214,Ananya Gupta,Female,30,Pune,Maharashtra,West,Silver,Corporate
CUST02215,Priya Iyer,Female,54,Nagpur,Maharashtra,West,Silver,Corporate
CUST02216,Riya Sharma,Female,72,Rajkot,Gujarat,West,Silver,Corporate
CUST02217,Rahul Singh,Male,72,Karol Bagh,Delhi,North,Silver,Consumer
CUST02218,Amit Patel,Male,24,Varanasi,Uttar Pradesh,North,Gold,Home Office
CUST02219,Amit Das,Male,45,Howrah,West Bengal,East,Gold,Home Office
CUST02220,Divya Singh,Female,46,Noida,Uttar Pradesh,North,Silver,Consumer
CUST02221,Ananya Iyer,Female,32,Jaipur,Rajasthan,North,Gold,Consumer
CUST02222,Vivaan Singh,Male,24,Jodhpur,Rajasthan,North,Silver,Consumer
CUST02223,Vivaan Nair,Male,75,Kanpur,Uttar Pradesh,North,Silver,Consumer
CUST02224,Aarav Gupta,Male,29,Howrah,West Bengal,East,Gold,Consumer
CUST02225,Amit Iyer,Male,23,New Delhi,Delhi,North,Gold,Consumer
CUST02226,Amit Das,Male,20,Ahmedabad,Gujarat,West,Silver,Consumer
CUST02227,Aditya Gupta,Male,31,Chennai,Tamil Nadu,South,Silver,Consumer
CUST02228,Ananya Sharma,Female,59,Ajmer,Rajasthan,North,Platinum,Home Office
CUST02229,Pooja Kulkarni,Female,42,Kota,Rajasthan,North,Gold,Corporate
CUST02230,Aarav Gupta,Male,63,Nagpur,Maharashtra,West,Silver,Consumer
CUST02231,Vikram Patel,Male,47,Lucknow,Uttar Pradesh,North,Gold,Consumer
CUST02232,Rahul Verma,Male,42,Madurai,Tamil Nadu,South,Silver,Corporate
CUST02233,Meera Das,Female,59,Noida,Uttar Pradesh,North,Silver,Consumer
CUST02234,Arjun Das,Male,51,Vadodara,Gujarat,West,Platinum,Home Office
CUST02235,Pooja Joshi,Female,23,Thane,Maharashtra,West,Platinum,Corporate
CUST02236,Aarav Das,Male,63,Nagpur,Maharashtra,West,Silver,Consumer
CUST02237,Aditya Verma,Male,45,Mangaluru,Karnataka,South,Silver,Corporate
CUST02238,Divya Singh,Female,32,Gandhinagar,Gujarat,West,Silver,Consumer
CUST02239,Aditya Verma,Male,58,Thane,Maharashtra,West,Silver,Consumer
CUST02240,Neha Joshi,Female,63,Mangaluru,Karnataka,South,Gold,Consumer
CUST02241,Aarav Kulkarni,Male,21,Vadodara,Gujarat,West,Silver,Corporate
CUST02242,Vikram Patel,Male,40,Surat,Gujarat,West,Silver,Corporate
CUST02243,Riya Patel,Female,55,Saket,Delhi,North,Gold,Consumer
CUST02244,Vivaan Gupta,Male,36,Lucknow,Uttar Pradesh,North,Silver,Home Office
CUST02245,Rahul Sharma,Male,68,Mysuru,Karnataka,South,Silver,Consumer
CUST02246,Neha Verma,Female,75,Pune,Maharashtra,West,Silver,Consumer
CUST02247,Suresh Iyer,Male,55,Thane,Maharashtra,West,Silver,Consumer
CUST02248,Kavya Sharma,Female,49,Madurai,Tamil Nadu,South,Silver,Corporate
CUST02249,Kavya Verma,Female,39,Chennai,Tamil Nadu,South,Silver,Consumer
CUST02250,Arjun Iyer,Male,43,Mumbai,Maharashtra,West,Silver,Consumer
CUST02251,Aarav Joshi,Male,49,Rajkot,Gujarat,West,Silver,Consumer
CUST02252,Karan Gupta,Male,62,Rajkot,Gujarat,West,Silver,Home Office
CUST02253,Vivaan Kulkarni,Male,57,Thane,Maharashtra,West,Silver,Consumer
CUST02254,Kavya Nair,Female,18,Nagpur,Maharashtra,West,Silver,Consumer
CUST02255,Pooja Patel,Female,75,Nagpur,Maharashtra,West,Silver,Corporate
CUST02256,Sneha Iyer,Female,67,Mumbai,Maharashtra,West,Gold,Consumer
CUST02257,Amit Nair,Male,23,Asansol,West Bengal,East,Gold,Corporate
CUST02258,Divya Singh,Female,75,Vadodara,Gujarat,West,Silver,Home Office
CUST02259,Aditya Patel,Male,67,Asansol,West Bengal,East,Silver,Consumer
CUST02260,Arjun Nair,Male,36,Rohini,Delhi,North,Silver,Consumer
CUST02261,Divya Joshi,Female,32,Dwarka,Delhi,North,Silver,Corporate
CUST02262,Neha Iyer,Female,34,Varanasi,Uttar Pradesh,North,Silver,Home Office
CUST02263,Ananya Das,Female,63,Kanpur,Uttar Pradesh,North,Silver,Consumer
CUST02264,Kavya Das,Female,35,Asansol,West Bengal,East,Gold,Home Office
CUST02265,Vivaan Verma,Male,34,Saket,Delhi,North,Silver,Corporate
CUST02266,Meera Iyer,Female,69,Belagavi,Karnataka,South,Silver,Home Office
CUST02267,Rahul Nair,Male,22,Pune,Maharashtra,West,Silver,Consumer
CUST02268,Rohan Nair,Male,26,Salem,Tamil Nadu,South,Silver,Consumer
CUST02269,Sneha Das,Female,69,Asansol,West Bengal,East,Gold,Corporate
CUST02270,Vikram Sharma,Male,58,Mumbai,Maharashtra,West,Silver,Consumer
CUST02271,Ananya Joshi,Female,31,Asansol,West Bengal,East,Gold,Home Office
CUST02272,Arjun Gupta,Male,61,New Delhi,Delhi,North,Silver,Home Office
CUST02273,Kavya Verma,Female,53,Thane,Maharashtra,West,Silver,Consumer
CUST02274,Priya Patel,Female,48,Saket,Delhi,North,Gold,Home Office
CUST02275,Sneha Verma,Female,42,Pune,Maharashtra,West,Gold,Corporate
CUST02276,Pooja Iyer,Female,35,Trichy,Tamil Nadu,South,Silver,Home Office
CUST02277,Vivaan Joshi,Male,45,Varanasi,Uttar Pradesh,North,Silver,Home Office
CUST02278,Rahul Kulkarni,Male,45,Howrah,West Bengal,East,Silver,Consumer
CUST02279,Kavya Iyer,Female,75,Nagpur,Maharashtra,West,Silver,Consumer
CUST02280,Divya Singh,Female,48,Surat,Gujarat,West,Silver,Consumer
CUST02281,Sneha Joshi,Female,75,Lucknow,Uttar Pradesh,North,Silver,Consumer
CUST02282,Rohan Joshi,Male,46,Belagavi,Karnataka,South,Silver,Consumer
CUST02283,Rohan Singh,Male,67,Bengaluru,Karnataka,South,Gold,Consumer
CUST02284,Pooja Joshi,Female,35,Coimbatore,Tamil Nadu,South,Silver,Consumer
CUST02285,Vivaan Joshi,Male,50,Ahmedabad,Gujarat,West,Platinum,Home Office
CUST02286,Aditya Singh,Male,25,Siliguri,West Bengal,East,Platinum,Consumer
CUST02287,Suresh Gupta,Male,44,Howrah,West Bengal,East,Gold,Consumer
CUST02288,Aisha Sharma,Female,67,Hubli,Karnataka,South,Silver,Consumer
CUST02289,Vivaan Joshi,Male,31,Jodhpur,Rajasthan,North,Silver,Corporate
CUST02290,Aarav Singh,Male,44,Lucknow,Uttar Pradesh,North,Gold,Corporate
CUST02291,Suresh Das,Male,70,Varanasi,Uttar Pradesh,North,Silver,Consumer
CUST02292,Aditya Patel,Male,21,Surat,Gujarat,West,Gold,Consumer
CUST02293,Aarav Kulkarni,Male,49,Saket,Delhi,North,Silver,Corporate
CUST02294,Rohan Singh,Male,43,Thane,Maharashtra,West,Gold,Consumer
CUST02295,Pooja Singh,Female,28,Salem,Tamil Nadu,South,Gold,Consumer
CUST02296,Amit Sharma,Male,56,New Delhi,Delhi,North,Silver,Consumer
CUST02297,Ananya Joshi,Female,64,Trichy,Tamil Nadu,South,Gold,Corporate
CUST02298,Sneha Das,Female,35,Jaipur,Rajasthan,North,Gold,Consumer
CUST02299,Ananya Joshi,Female,28,Mangaluru,Karnataka,South,Silver,Consumer
CUST02300,Rohan Kulkarni,Male,58,Varanasi,Uttar Pradesh,North,Platinum,Corporate
CUST02301,Divya Patel,Female,28,Pune,Maharashtra,West,Silver,Consumer
CUST02302,Suresh Iyer,Male,61,New Delhi,Delhi,North,Gold,Consumer
CUST02303,Ananya Iyer,Female,71,Mysuru,Karnataka,South,Silver,Corporate
CUST02304,Ananya Kulkarni,Female,24,Kanpur,Uttar Pradesh,North,Silver,Corporate
CUST02305,Vivaan Sharma,Male,67,Madurai,Tamil Nadu,South,Silver,Corporate
CUST02306,Vikram Iyer,Male,61,Mumbai,Maharashtra,West,Silver,Corporate
CUST02307,Pooja Singh,Female,35,Jodhpur,Rajasthan,North,Silver,Corporate
CUST02308,Kavya Kulkarni,Female,42,Asansol,West Bengal,East,Gold,Corporate
CUST02309,Amit Iyer,Male,69,Chennai,Tamil Nadu,South,Silver,Corporate
CUST02310,Pooja Gupta,Female,27,Saket,Delhi,North,Gold,Consumer
CUST02311,Neha Gupta,Female,53,Kanpur,Uttar Pradesh,North,Silver,Consumer
CUST02312,Karan Gupta,Male,53,Trichy,Tamil Nadu,South,Silver,Consumer
CUST02313,Kavya Kulkarni,Female,50,Varanasi,Uttar Pradesh,North,Silver,Home Office
CUST02314,Meera Das,Female,71,Nashik,Maharashtra,West,Silver,Consumer
CUST02315,Karan Singh,Male,44,Gandhinagar,Gujarat,West,Gold,Consumer
CUST02316,Riya Das,Female,61,Nashik,Maharashtra,West,Gold,Consumer
CUST02317,Aditya Joshi,Male,47,Trichy,Tamil Nadu,South,Silver,Consumer
CUST02318,Divya Das,Female,25,Kolkata,West Bengal,East,Silver,Consumer
CUST02319,Suresh Patel,Male,43,Ajmer,Rajasthan,North,Silver,Consumer
CUST02320,Pooja Nair,Female,25,Udaipur,Rajasthan,North,Silver,Consumer
CUST02321,Arjun Joshi,Male,72,Pune,Maharashtra,West,Gold,Consumer
CUST02322,Suresh Gupta,Male,18,Belagavi,Karnataka,South,Silver,Consumer
CUST02323,Karan Gupta,Male,49,Durgapur,West Bengal,East,Silver,Consumer
CUST02324,Rohan Singh,Male,38,Belagavi,Karnataka,South,Silver,Consumer
CUST02325,Amit Das,Male,46,Jodhpur,Rajasthan,North,Platinum,Consumer
CUST02326,Amit Das,Male,45,Asansol,West Bengal,East,Silver,Consumer
CUST02327,Aarav Singh,Male,43,Thane,Maharashtra,West,Platinum,Consumer
CUST02328,Suresh Sharma,Male,69,Thane,Maharashtra,West,Silver,Corporate
CUST02329,Ananya Nair,Female,32,Udaipur,Rajasthan,North,Gold,Consumer
CUST02330,Ananya Joshi,Female,37,Kanpur,Uttar Pradesh,North,Silver,Consumer
CUST02331,Sneha Singh,Female,57,Dwarka,Delhi,North,Gold,Consumer
CUST02332,Divya Das,Female,32,Surat,Gujarat,West,Silver,Consumer
CUST02333,Pooja Verma,Female,66,Siliguri,West Bengal,East,Gold,Consumer
CUST02334,Sneha Iyer,Female,41,New Delhi,Delhi,North,Silver,Consumer
CUST02335,Vikram Patel,Male,30,Gandhinagar,Gujarat,West,Silver,Corporate
CUST02336,Karan Das,Male,42,Udaipur,Rajasthan,North,Silver,Consumer
CUST02337,Ananya Patel,Female,63,Siliguri,West Bengal,East,Silver,Home Office
CUST02338,Neha Verma,Female,45,Kota,Rajasthan,North,Silver,Consumer
CUST02339,Ananya Iyer,Female,54,Mangaluru,Karnataka,South,Platinum,Consumer
CUST02340,Amit Verma,Male,57,Thane,Maharashtra,West,Silver,Corporate
CUST02341,Rahul Gupta,Male,55,Mumbai,Maharashtra,West,Silver,Consumer
CUST02342,Rahul Kulkarni,Male,27,Dwarka,Delhi,North,Silver,Home Office
CUST02343,Kavya Nair,Female,20,Trichy,Tamil Nadu,South,Silver,Home Office
CUST02344,Vikram Singh,Male,50,Trichy,Tamil Nadu,South,Silver,Corporate
CUST02345,Amit Kulkarni,Male,58,Ahmedabad,Gujarat,West,Silver,Consumer
CUST02346,Suresh Sharma,Male,73,Kota,Rajasthan,North,Silver,Consumer
CUST02347,Divya Iyer,Female,66,Mysuru,Karnataka,South,Silver,Consumer
CUST02348,Divya Iyer,Female,22,Kolkata,West Bengal,East,Silver,Consumer
CUST02349,Divya Nair,Female,69,Karol Bagh,Delhi,North,Silver,Consumer
CUST02350,Aisha Joshi,Female,41,Mumbai,Maharashtra,West,Silver,Corporate
CUST02351,Neha Iyer,Female,70,Karol Bagh,Delhi,North,Platinum,Consumer
CUST02352,Ananya Nair,Female,66,Durgapur,West Bengal,East,Gold,Home Office
CUST02353,Rohan Joshi,Male,69,Trichy,Tamil Nadu,South,Silver,Consumer
CUST02354,Priya Nair,Female,33,Surat,Gujarat,West,Gold,Consumer
CUST02355,Arjun Singh,Male,32,Lucknow,Uttar Pradesh,North,Silver,Corporate
CUST02356,Aditya Patel,Male,64,Vadodara,Gujarat,West,Silver,Consumer
CUST02357,Neha Nair,Female,19,Asansol,West Bengal,East,Silver,Consumer
CUST02358,Vivaan Kulkarni,Male,39,Dwarka,Delhi,North,Gold,Corporate
CUST02359,Priya Verma,Female,28,Asansol,West Bengal,East,Silver,Corporate
CUST02360,Meera Nair,Female,32,Salem,Tamil Nadu,South,Silver,Home Office
CUST02361,Aarav Sharma,Male,43,Vadodara,Gujarat,West,Silver,Consumer
CUST02362,Riya Sharma,Female,42,Vadodara,Gujarat,West,Platinum,Consumer
CUST02363,Aditya Gupta,Male,25,Nashik,Maharashtra,West,Silver,Corporate
CUST02364,Rohan Das,Male,74,Trichy,Tamil Nadu,South,Gold,Consumer
CUST02365,Pooja Iyer,Female,24,Ahmedabad,Gujarat,West,Silver,Consumer
CUST02366,Aisha Gupta,Female,32,Karol Bagh,Delhi,North,Silver,Corporate
CUST02367,Aditya Nair,Male,33,Rajkot,Gujarat,West,Gold,Consumer
CUST02368,Meera Gupta,Female,70,Siliguri,West Bengal,East,Gold,Consumer
CUST02369,Sneha Joshi,Female,41,Salem,Tamil Nadu,South,Silver,Consumer
CUST02370,Vikram Kulkarni,Male,48,Surat,Gujarat,West,Gold,Consumer
CUST02371,Aisha Joshi,Female,75,Kolkata,West Bengal,East,Platinum,Consumer
CUST02372,Aisha Das,Female,74,Thane,Maharashtra,West,Silver,Home Office
CUST02373,Sneha Nair,Female,26,Kanpur,Uttar Pradesh,North,Silver,Consumer
CUST02374,Vivaan Patel,Male,59,Pune,Maharashtra,West,Silver,Consumer
CUST02375,Divya Patel,Female,24,Nagpur,Maharashtra,West,Gold,Home Office
CUST02376,Vivaan Iyer,Male,18,Siliguri,West Bengal,East,Gold,Consumer
CUST02377,Meera Iyer,Female,34,Chennai,Tamil Nadu,South,Gold,Consumer
CUST02378,Vikram Sharma,Male,26,Thane,Maharashtra,West,Silver,Corporate
CUST02379,Aisha Das,Female,39,Surat,Gujarat,West,Gold,Consumer
CUST02380,Amit Nair,Male,36,Surat,Gujarat,West,Silver,Consumer
CUST02381,Aditya Sharma,Male,48,Coimbatore,Tamil Nadu,South,Silver,Consumer
CUST02382,Divya Joshi,Female,44,Chennai,Tamil Nadu,South,Gold,Consumer
CUST02383,Priya Kulkarni,Female,53,Ahmedabad,Gujarat,West,Silver,Consumer
CUST02384,Arjun Das,Male,38,Coimbatore,Tamil Nadu,South,Gold,Consumer
CUST02385,Ananya Joshi,Female,47,Karol Bagh,Delhi,North,Silver,Corporate
CUST02386,Vivaan Kulkarni,Male,34,Coimbatore,Tamil Nadu,South,Silver,Corporate
CUST02387,Ananya Nair,Female,35,Rajkot,Gujarat,West,Silver,Consumer
CUST02388,Aisha Joshi,Female,52,Lucknow,Uttar Pradesh,North,Gold,Consumer
CUST02389,Pooja Patel,Female,45,Nagpur,Maharashtra,West,Silver,Consumer
CUST02390,Riya Iyer,Female,67,Udaipur,Rajasthan,North,Gold,Consumer
CUST02391,Divya Singh,Female,22,Mysuru,Karnataka,South,Gold,Consumer
CUST02392,Riya Nair,Female,25,Saket,Delhi,North,Silver,Consumer
CUST02393,Arjun Das,Male,54,Mangaluru,Karnataka,South,Silver,Consumer
CUST02394,Amit Patel,Male,60,Varanasi,Uttar Pradesh,North,Silver,Consumer
CUST02395,Rahul Das,Male,64,Mysuru,Karnataka,South,Silver,Consumer
CUST02396,Aditya Verma,Male,22,Ajmer,Rajasthan,North,Silver,Consumer
CUST02397,Riya Iyer,Female,29,Saket,Delhi,North,Gold,Consumer
CUST02398,Suresh Gupta,Male,22,Saket,Delhi,North,Silver,Corporate
CUST02399,Rahul Singh,Male,18,Lucknow,Uttar Pradesh,North,Gold,Home Office
CUST02400,Pooja Kulkarni,Female,25,Kota,Rajasthan,North,Platinum,Consumer
CUST02401,Divya Patel,Female,25,Udaipur,Rajasthan,North,Silver,Corporate
CUST02402,Rohan Gupta,Male,62,Chennai,Tamil Nadu,South,Silver,Consumer
CUST02403,Aditya Verma,Male,20,Salem,Tamil Nadu,South,Silver,Consumer
CUST02404,Kavya Singh,Female,65,Chennai,Tamil Nadu,South,Silver,Consumer
CUST02405,Aditya Singh,Male,59,Bengaluru,Karnataka,South,Gold,Corporate
CUST02406,Neha Singh,Female,45,Belagavi,Karnataka,South,Platinum,Consumer
CUST02407,Sneha Iyer,Female,35,New Delhi,Delhi,North,Gold,Corporate
CUST02408,Kavya Nair,Female,62,Howrah,West Bengal,East,Silver,Consumer
CUST02409,Rahul Das,Male,30,Ajmer,Rajasthan,North,Gold,Consumer
CUST02410,Vivaan Verma,Male,25,Nashik,Maharashtra,West,Silver,Corporate
CUST02411,Sneha Gupta,Female,29,Durgapur,West Bengal,East,Gold,Consumer
CUST02412,Vikram Nair,Male,62,Mysuru,Karnataka,South,Silver,Consumer
CUST02413,Rohan Verma,Male,50,Kota,Rajasthan,North,Silver,Consumer
CUST02414,Meera Joshi,Female,25,Trichy,Tamil Nadu,South,Platinum,Home Office
CUST02415,Ananya Verma,Female,46,Jaipur,Rajasthan,North,Silver,Consumer
CUST02416,Meera Verma,Female,75,Mangaluru,Karnataka,South,Platinum,Consumer
CUST02417,Vivaan Joshi,Male,72,Varanasi,Uttar Pradesh,North,Gold,Consumer
CUST02418,Meera Sharma,Female,68,Agra,Uttar Pradesh,North,Gold,Consumer
CUST02419,Arjun Kulkarni,Male,40,Agra,Uttar Pradesh,North,Gold,Consumer
CUST02420,Neha Sharma,Female,50,Howrah,West Bengal,East,Silver,Home Office
CUST02421,Sneha Kulkarni,Female,22,Lucknow,Uttar Pradesh,North,Silver,Consumer
CUST02422,Arjun Singh,Male,32,Noida,Uttar Pradesh,North,Gold,Corporate
CUST02423,Aisha Joshi,Female,45,Saket,Delhi,North,Platinum,Consumer
CUST02424,Ananya Gupta,Female,61,Kolkata,West Bengal,East,Gold,Consumer
CUST02425,Ananya Gupta,Female,62,Bengaluru,Karnataka,South,Silver,Consumer
CUST02426,Amit Gupta,Male,31,Belagavi,Karnataka,South,Silver,Consumer
CUST02427,Priya Sharma,Female,64,Madurai,Tamil Nadu,South,Silver,Consumer
CUST02428,Kavya Joshi,Female,37,Belagavi,Karnataka,South,Gold,Home Office
CUST02429,Priya Iyer,Female,32,Surat,Gujarat,West,Silver,Consumer
CUST02430,Aarav Das,Male,65,Lucknow,Uttar Pradesh,North,Gold,Consumer
CUST02431,Kavya Das,Female,65,Rajkot,Gujarat,West,Platinum,Corporate
CUST02432,Riya Das,Female,60,Noida,Uttar Pradesh,North,Silver,Consumer
CUST02433,Vikram Joshi,Male,43,Howrah,West Bengal,East,Silver,Consumer
CUST02434,Aarav Iyer,Male,64,Rajkot,Gujarat,West,Silver,Consumer
CUST02435,Rahul Verma,Male,27,Belagavi,Karnataka,South,Platinum,Corporate
CUST02436,Pooja Kulkarni,Female,73,Salem,Tamil Nadu,South,Silver,Consumer
CUST02437,Suresh Iyer,Male,66,Coimbatore,Tamil Nadu,South,Silver,Consumer
CUST02438,Rohan Patel,Male,42,Kanpur,Uttar Pradesh,North,Silver,Consumer
CUST02439,Sneha Verma,Female,44,Nashik,Maharashtra,West,Platinum,Consumer
CUST02440,Rohan Patel,Male,31,Noida,Uttar Pradesh,North,Gold,Consumer
CUST02441,Aarav Iyer,Male,31,Jodhpur,Rajasthan,North,Silver,Consumer
CUST02442,Rahul Patel,Male,72,Mysuru,Karnataka,South,Silver,Consumer
CUST02443,Divya Joshi,Female,46,Ajmer,Rajasthan,North,Platinum,Consumer
CUST02444,Aisha Patel,Female,50,Lucknow,Uttar Pradesh,North,Silver,Corporate
CUST02445,Rahul Sharma,Male,20,Jaipur,Rajasthan,North,Silver,Consumer
CUST02446,Ananya Sharma,Female,18,New Delhi,Delhi,North,Gold,Consumer
CUST02447,Meera Joshi,Female,31,Bengaluru,Karnataka,South,Silver,Consumer
CUST02448,Aditya Verma,Male,49,Belagavi,Karnataka,South,Silver,Corporate
CUST02449,Arjun Iyer,Male,26,Nagpur,Maharashtra,West,Gold,Consumer
CUST02450,Aditya Verma,Male,31,Kolkata,West Bengal,East,Silver,Consumer
CUST02451,Neha Sharma,Female,66,Rajkot,Gujarat,West,Silver,Consumer
CUST02452,Aisha Patel,Female,73,Kota,Rajasthan,North,Silver,Consumer
CUST02453,Vikram Verma,Male,41,Pune,Maharashtra,West,Silver,Corporate
CUST02454,Karan Iyer,Male,55,Lucknow,Uttar Pradesh,North,Platinum,Consumer
CUST02455,Priya Iyer,Female,65,Saket,Delhi,North,Gold,Consumer
CUST02456,Arjun Kulkarni,Male,67,Udaipur,Rajasthan,North,Silver,Corporate
CUST02457,Vivaan Joshi,Male,68,Kolkata,West Bengal,East,Gold,Consumer
CUST02458,Aditya Das,Male,37,Dwarka,Delhi,North,Silver,Consumer
CUST02459,Aisha Kulkarni,Female,21,Noida,Uttar Pradesh,North,Gold,Consumer
CUST02460,Kavya Iyer,Female,22,Surat,Gujarat,West,Silver,Consumer
CUST02461,Rahul Sharma,Male,20,Jaipur,Rajasthan,North,Platinum,Corporate
CUST02462,Rahul Patel,Male,40,Mumbai,Maharashtra,West,Platinum,Consumer
CUST02463,Meera Iyer,Female,75,Mangaluru,Karnataka,South,Silver,Consumer
CUST02464,Karan Iyer,Male,68,Asansol,West Bengal,East,Silver,Consumer
CUST02465,Pooja Verma,Female,65,Trichy,Tamil Nadu,South,Gold,Consumer
CUST02466,Priya Sharma,Female,71,Mysuru,Karnataka,South,Silver,Consumer
CUST02467,Aditya Gupta,Male,31,Chennai,Tamil Nadu,South,Gold,Corporate
CUST02468,Ananya Kulkarni,Female,55,Surat,Gujarat,West,Silver,Consumer
CUST02469,Ananya Nair,Female,27,Chennai,Tamil Nadu,South,Silver,Consumer
CUST02470,Vikram Das,Male,60,Ahmedabad,Gujarat,West,Silver,Corporate
CUST02471,Amit Gupta,Male,69,Pune,Maharashtra,West,Gold,Home Office
CUST02472,Neha Patel,Female,22,Lucknow,Uttar Pradesh,North,Silver,Consumer
CUST02473,Neha Gupta,Female,39,Kolkata,West Bengal,East,Platinum,Consumer
CUST02474,Rahul Kulkarni,Male,51,Lucknow,Uttar Pradesh,North,Silver,Consumer
CUST02475,Sneha Das,Female,60,Noida,Uttar Pradesh,North,Gold,Consumer
CUST02476,Pooja Kulkarni,Female,61,Kanpur,Uttar Pradesh,North,Silver,Consumer
CUST02477,Rahul Gupta,Male,23,Salem,Tamil Nadu,South,Silver,Consumer
CUST02478,Aarav Iyer,Male,51,Trichy,Tamil Nadu,South,Silver,Corporate
CUST02479,Vikram Nair,Male,62,Dwarka,Delhi,North,Silver,Home Office
CUST02480,Suresh Gupta,Male,27,Durgapur,West Bengal,East,Silver,Consumer
CUST02481,Vikram Gupta,Male,18,Kolkata,West Bengal,East,Silver,Consumer
CUST02482,Vikram Das,Male,50,Gandhinagar,Gujarat,West,Silver,Home Office
CUST02483,Ananya Singh,Female,25,Durgapur,West Bengal,East,Silver,Corporate
CUST02484,Meera Patel,Female,57,Howrah,West Bengal,East,Silver,Consumer
CUST02485,Amit Kulkarni,Male,64,Belagavi,Karnataka,South,Gold,Consumer
CUST02486,Priya Verma,Female,37,Durgapur,West Bengal,East,Silver,Consumer
CUST02487,Priya Joshi,Female,23,Belagavi,Karnataka,South,Platinum,Corporate
CUST02488,Rahul Kulkarni,Male,54,Vadodara,Gujarat,West,Silver,Consumer
CUST02489,Aisha Joshi,Female,75,Nagpur,Maharashtra,West,Platinum,Home Office
CUST02490,Divya Iyer,Female,51,Kota,Rajasthan,North,Silver,Consumer
CUST02491,Kavya Verma,Female,43,Jaipur,Rajasthan,North,Silver,Home Office
CUST02492,Riya Nair,Female,61,Salem,Tamil Nadu,South,Silver,Consumer
CUST02493,Riya Iyer,Female,62,Kota,Rajasthan,North,Silver,Consumer
CUST02494,Meera Gupta,Female,41,Howrah,West Bengal,East,Gold,Consumer
CUST02495,Amit Nair,Male,36,Belagavi,Karnataka,South,Gold,Corporate
CUST02496,Priya Gupta,Female,22,Kota,Rajasthan,North,Silver,Consumer
CUST02497,Ananya Kulkarni,Female,54,Saket,Delhi,North,Gold,Corporate
CUST02498,Neha Iyer,Female,29,Nagpur,Maharashtra,West,Silver,Corporate
CUST02499,Divya Iyer,Female,66,Surat,Gujarat,West,Silver,Consumer
CUST02500,Divya Patel,Female,57,Vadodara,Gujarat,West,Silver,Consumer
CUST02501,Pooja Singh,Female,33,Kota,Rajasthan,North,Platinum,Corporate
CUST02502,Neha Sharma,Female,57,Dwarka,Delhi,North,Silver,Consumer
CUST02503,Arjun Joshi,Male,24,Pune,Maharashtra,West,Platinum,Consumer
CUST02504,Kavya Sharma,Female,61,Dwarka,Delhi,North,Platinum,Consumer
CUST02505,Amit Iyer,Male,38,Ahmedabad,Gujarat,West,Gold,Consumer
CUST02506,Vikram Sharma,Male,40,Jodhpur,Rajasthan,North,Gold,Home Office
CUST02507,Kavya Joshi,Female,74,Mumbai,Maharashtra,West,Silver,Consumer
CUST02508,Suresh Gupta,Male,67,Rohini,Delhi,North,Silver,Consumer
CUST02509,Ananya Patel,Female,29,Chennai,Tamil Nadu,South,Gold,Consumer
CUST02510,Amit Das,Male,71,Asansol,West Bengal,East,Gold,Corporate
CUST02511,Aisha Joshi,Female,30,Belagavi,Karnataka,South,Gold,Consumer
CUST02512,Rohan Patel,Male,38,Surat,Gujarat,West,Silver,Consumer
CUST02513,Riya Kulkarni,Female,50,Noida,Uttar Pradesh,North,Silver,Home Office
CUST02514,Aisha Singh,Female,24,Thane,Maharashtra,West,Gold,Consumer
CUST02515,Vikram Kulkarni,Male,64,Salem,Tamil Nadu,South,Silver,Consumer
CUST02516,Vikram Das,Male,50,Madurai,Tamil Nadu,South,Silver,Consumer
CUST02517,Rohan Gupta,Male,33,Madurai,Tamil Nadu,South,Silver,Consumer
CUST02518,Rahul Das,Male,35,Thane,Maharashtra,West,Silver,Consumer
CUST02519,Aarav Iyer,Male,35,Trichy,Tamil Nadu,South,Gold,Consumer
CUST02520,Vivaan Das,Male,64,Surat,Gujarat,West,Silver,Consumer
CUST02521,Rohan Sharma,Male,41,Coimbatore,Tamil Nadu,South,Gold,Consumer
CUST02522,Priya Verma,Female,33,Nashik,Maharashtra,West,Gold,Consumer
CUST02523,Meera Iyer,Female,39,Karol Bagh,Delhi,North,Platinum,Consumer
CUST02524,Priya Gupta,Female,32,Saket,Delhi,North,Silver,Consumer
CUST02525,Sneha Gupta,Female,25,Gandhinagar,Gujarat,West,Gold,Home Office
CUST02526,Karan Das,Male,18,Kota,Rajasthan,North,Silver,Consumer
CUST02527,Neha Gupta,Female,24,Mysuru,Karnataka,South,Silver,Corporate
CUST02528,Ananya Sharma,Female,42,Jaipur,Rajasthan,North,Gold,Home Office
CUST02529,Aisha Nair,Female,39,Madurai,Tamil Nadu,South,Platinum,Home Office
CUST02530,Riya Patel,Female,71,Vadodara,Gujarat,West,Platinum,Consumer
CUST02531,Karan Das,Male,72,Belagavi,Karnataka,South,Gold,Home Office
CUST02532,Arjun Gupta,Male,31,Rajkot,Gujarat,West,Silver,Consumer
CUST02533,Neha Singh,Female,49,Belagavi,Karnataka,South,Silver,Corporate
CUST02534,Vikram Iyer,Male,42,Kanpur,Uttar Pradesh,North,Silver,Consumer
CUST02535,Aisha Kulkarni,Female,63,Pune,Maharashtra,West,Platinum,Consumer
CUST02536,Kavya Iyer,Female,35,Jodhpur,Rajasthan,North,Silver,Corporate
CUST02537,Neha Singh,Female,57,New Delhi,Delhi,North,Silver,Consumer
CUST02538,Neha Joshi,Female,50,New Delhi,Delhi,North,Silver,Consumer
CUST02539,Meera Gupta,Female,30,Hubli,Karnataka,South,Gold,Consumer
CUST02540,Kavya Patel,Female,52,Thane,Maharashtra,West,Gold,Consumer
CUST02541,Aisha Das,Female,64,Salem,Tamil Nadu,South,Gold,Consumer
CUST02542,Riya Iyer,Female,48,Durgapur,West Bengal,East,Silver,Consumer
CUST02543,Vivaan Sharma,Male,28,Saket,Delhi,North,Platinum,Consumer
CUST02544,Kavya Nair,Female,26,New Delhi,Delhi,North,Gold,Consumer
CUST02545,Divya Joshi,Female,62,Gandhinagar,Gujarat,West,Platinum,Consumer
CUST02546,Ananya Nair,Female,75,Siliguri,West Bengal,East,Gold,Consumer
CUST02547,Rahul Gupta,Male,45,Rajkot,Gujarat,West,Silver,Consumer
CUST02548,Vivaan Das,Male,18,Varanasi,Uttar Pradesh,North,Silver,Consumer
CUST02549,Ananya Joshi,Female,21,Kanpur,Uttar Pradesh,North,Gold,Consumer
CUST02550,Amit Gupta,Male,41,Lucknow,Uttar Pradesh,North,Silver,Consumer
CUST02551,Rahul Gupta,Male,32,Asansol,West Bengal,East,Silver,Consumer
CUST02552,Aarav Das,Male,33,Jaipur,Rajasthan,North,Silver,Consumer
CUST02553,Karan Gupta,Male,22,Ahmedabad,Gujarat,West,Silver,Consumer
CUST02554,Vikram Verma,Male,56,Belagavi,Karnataka,South,Gold,Home Office
CUST02555,Aarav Das,Male,66,Vadodara,Gujarat,West,Silver,Home Office
CUST02556,Neha Gupta,Female,38,Salem,Tamil Nadu,South,Silver,Consumer
CUST02557,Aisha Patel,Female,43,Coimbatore,Tamil Nadu,South,Silver,Consumer
CUST02558,Rohan Iyer,Male,75,Durgapur,West Bengal,East,Silver,Corporate
CUST02559,Vivaan Verma,Male,71,Belagavi,Karnataka,South,Platinum,Consumer
CUST02560,Sneha Das,Female,40,Belagavi,Karnataka,South,Silver,Home Office
CUST02561,Vikram Gupta,Male,59,Ajmer,Rajasthan,North,Silver,Consumer
CUST02562,Arjun Kulkarni,Male,49,Ahmedabad,Gujarat,West,Gold,Consumer
CUST02563,Karan Das,Male,47,Asansol,West Bengal,East,Silver,Consumer
CUST02564,Priya Kulkarni,Female,61,Kanpur,Uttar Pradesh,North,Silver,Consumer
CUST02565,Neha Iyer,Female,54,Karol Bagh,Delhi,North,Silver,Consumer
CUST02566,Divya Nair,Female,51,Udaipur,Rajasthan,North,Silver,Corporate
CUST02567,Kavya Singh,Female,70,Mysuru,Karnataka,South,Silver,Consumer
CUST02568,Vikram Kulkarni,Male,43,Rohini,Delhi,North,Silver,Home Office
CUST02569,Riya Verma,Female,30,Udaipur,Rajasthan,North,Silver,Corporate
CUST02570,Sneha Kulkarni,Female,19,Durgapur,West Bengal,East,Silver,Consumer
CUST02571,Ananya Iyer,Female,53,Saket,Delhi,North,Gold,Consumer
CUST02572,Meera Kulkarni,Female,21,Varanasi,Uttar Pradesh,North,Silver,Consumer
CUST02573,Karan Iyer,Male,34,Mumbai,Maharashtra,West,Gold,Corporate
CUST02574,Riya Nair,Female,22,Asansol,West Bengal,East,Silver,Consumer
CUST02575,Vikram Joshi,Male,65,Ahmedabad,Gujarat,West,Silver,Home Office
CUST02576,Neha Singh,Female,28,Gandhinagar,Gujarat,West,Silver,Consumer
CUST02577,Arjun Singh,Male,66,Jodhpur,Rajasthan,North,Silver,Home Office
CUST02578,Meera Kulkarni,Female,54,Kanpur,Uttar Pradesh,North,Silver,Consumer
CUST02579,Sneha Gupta,Female,42,Lucknow,Uttar Pradesh,North,Silver,Home Office
CUST02580,Divya Kulkarni,Female,71,Coimbatore,Tamil Nadu,South,Silver,Consumer
CUST02581,Meera Nair,Female,66,Howrah,West Bengal,East,Gold,Corporate
CUST02582,Sneha Singh,Female,39,Mysuru,Karnataka,South,Gold,Consumer
CUST02583,Aisha Singh,Female,19,Gandhinagar,Gujarat,West,Platinum,Corporate
CUST02584,Neha Singh,Female,53,Mysuru,Karnataka,South,Silver,Consumer
CUST02585,Suresh Kulkarni,Male,69,Surat,Gujarat,West,Silver,Consumer
CUST02586,Divya Das,Female,54,Lucknow,Uttar Pradesh,North,Silver,Consumer
CUST02587,Kavya Das,Female,30,Pune,Maharashtra,West,Silver,Consumer
CUST02588,Sneha Kulkarni,Female,26,Mysuru,Karnataka,South,Silver,Consumer
CUST02589,Kavya Kulkarni,Female,45,Ahmedabad,Gujarat,West,Silver,Corporate
CUST02590,Meera Singh,Female,55,Jodhpur,Rajasthan,North,Silver,Consumer
CUST02591,Vivaan Kulkarni,Male,33,Gandhinagar,Gujarat,West,Silver,Consumer
CUST02592,Arjun Joshi,Male,29,Mangaluru,Karnataka,South,Gold,Corporate
CUST02593,Suresh Kulkarni,Male,64,Ahmedabad,Gujarat,West,Gold,Consumer
CUST02594,Arjun Sharma,Male,36,Jaipur,Rajasthan,North,Silver,Consumer
CUST02595,Aarav Gupta,Male,18,Mysuru,Karnataka,South,Platinum,Consumer
CUST02596,Kavya Nair,Female,56,Lucknow,Uttar Pradesh,North,Silver,Consumer
CUST02597,Aarav Verma,Male,68,Saket,Delhi,North,Platinum,Consumer
CUST02598,Amit Verma,Male,37,Nashik,Maharashtra,West,Gold,Consumer
CUST02599,Amit Das,Male,28,Surat,Gujarat,West,Silver,Corporate
CUST02600,Aarav Patel,Male,51,Siliguri,West Bengal,East,Silver,Corporate
CUST02601,Aarav Sharma,Male,60,Noida,Uttar Pradesh,North,Gold,Consumer
CUST02602,Priya Iyer,Female,72,Durgapur,West Bengal,East,Silver,Consumer
CUST02603,Aarav Joshi,Male,49,Jaipur,Rajasthan,North,Silver,Consumer
CUST02604,Arjun Nair,Male,72,Noida,Uttar Pradesh,North,Gold,Home Office
CUST02605,Rohan Das,Male,58,Mumbai,Maharashtra,West,Silver,Corporate
CUST02606,Neha Singh,Female,53,Agra,Uttar Pradesh,North,Gold,Consumer
CUST02607,Amit Verma,Male,36,Siliguri,West Bengal,East,Silver,Consumer
CUST02608,Suresh Patel,Male,67,Salem,Tamil Nadu,South,Silver,Home Office
CUST02609,Priya Nair,Female,55,Jodhpur,Rajasthan,North,Silver,Consumer
CUST02610,Pooja Nair,Female,62,Salem,Tamil Nadu,South,Silver,Consumer
CUST02611,Divya Gupta,Female,56,Durgapur,West Bengal,East,Gold,Corporate
CUST02612,Aisha Joshi,Female,68,Trichy,Tamil Nadu,South,Silver,Consumer
CUST02613,Priya Iyer,Female,57,Ajmer,Rajasthan,North,Platinum,Consumer
CUST02614,Vikram Iyer,Male,64,Rajkot,Gujarat,West,Silver,Consumer
CUST02615,Amit Sharma,Male,60,Rohini,Delhi,North,Platinum,Consumer
CUST02616,Neha Iyer,Female,32,Jaipur,Rajasthan,North,Gold,Consumer
CUST02617,Kavya Joshi,Female,45,Chennai,Tamil Nadu,South,Gold,Corporate
CUST02618,Vivaan Iyer,Male,33,Hubli,Karnataka,South,Silver,Consumer
CUST02619,Karan Gupta,Male,28,Ahmedabad,Gujarat,West,Gold,Consumer
CUST02620,Aarav Iyer,Male,37,Ahmedabad,Gujarat,West,Gold,Consumer
CUST02621,Vivaan Gupta,Male,37,New Delhi,Delhi,North,Gold,Consumer
CUST02622,Rahul Sharma,Male,39,New Delhi,Delhi,North,Silver,Corporate
CUST02623,Ananya Iyer,Female,67,Chennai,Tamil Nadu,South,Gold,Consumer
CUST02624,Rohan Das,Male,53,Mysuru,Karnataka,South,Silver,Corporate
CUST02625,Vikram Das,Male,40,Hubli,Karnataka,South,Silver,Consumer
CUST02626,Amit Verma,Male,29,Karol Bagh,Delhi,North,Gold,Corporate
CUST02627,Riya Gupta,Female,59,Mysuru,Karnataka,South,Silver,Consumer
CUST02628,Rahul Iyer,Male,38,Varanasi,Uttar Pradesh,North,Silver,Consumer
CUST02629,Divya Patel,Female,70,Rohini,Delhi,North,Silver,Corporate
CUST02630,Riya Singh,Female,43,Asansol,West Bengal,East,Silver,Consumer
CUST02631,Rahul Joshi,Male,72,Ahmedabad,Gujarat,West,Silver,Consumer
CUST02632,Priya Verma,Female,23,Mumbai,Maharashtra,West,Silver,Corporate
CUST02633,Rahul Gupta,Male,70,Surat,Gujarat,West,Silver,Corporate
CUST02634,Suresh Kulkarni,Male,32,Rajkot,Gujarat,West,Gold,Consumer
CUST02635,Aisha Gupta,Female,19,Madurai,Tamil Nadu,South,Silver,Corporate
CUST02636,Suresh Gupta,Male,20,Mangaluru,Karnataka,South,Platinum,Consumer
CUST02637,Arjun Iyer,Male,20,Agra,Uttar Pradesh,North,Silver,Corporate
CUST02638,Suresh Iyer,Male,45,Nashik,Maharashtra,West,Silver,Consumer
CUST02639,Aarav Gupta,Male,43,Kota,Rajasthan,North,Silver,Consumer
CUST02640,Neha Joshi,Female,42,Varanasi,Uttar Pradesh,North,Silver,Corporate
CUST02641,Rohan Nair,Male,61,Karol Bagh,Delhi,North,Silver,Consumer
CUST02642,Riya Iyer,Female,47,Jaipur,Rajasthan,North,Gold,Consumer
CUST02643,Ananya Sharma,Female,39,Coimbatore,Tamil Nadu,South,Silver,Corporate
CUST02644,Amit Nair,Male,71,Rajkot,Gujarat,West,Platinum,Corporate
CUST02645,Neha Sharma,Female,69,Udaipur,Rajasthan,North,Silver,Consumer
CUST02646,Vikram Patel,Male,59,Udaipur,Rajasthan,North,Silver,Consumer
CUST02647,Aisha Nair,Female,67,Madurai,Tamil Nadu,South,Platinum,Consumer
CUST02648,Rohan Sharma,Male,36,Saket,Delhi,North,Silver,Consumer
CUST02649,Kavya Verma,Female,18,Kanpur,Uttar Pradesh,North,Gold,Corporate
CUST02650,Vikram Iyer,Male,69,Mysuru,Karnataka,South,Silver,Consumer
CUST02651,Ananya Sharma,Female,43,Hubli,Karnataka,South,Gold,Corporate
CUST02652,Aisha Singh,Female,46,Agra,Uttar Pradesh,North,Gold,Consumer
CUST02653,Sneha Gupta,Female,39,Gandhinagar,Gujarat,West,Silver,Home Office
CUST02654,Rahul Kulkarni,Male,69,Rohini,Delhi,North,Gold,Corporate
CUST02655,Aditya Patel,Male,47,Kolkata,West Bengal,East,Silver,Consumer
CUST02656,Amit Kulkarni,Male,62,Belagavi,Karnataka,South,Gold,Corporate
CUST02657,Rohan Iyer,Male,39,Gandhinagar,Gujarat,West,Silver,Consumer
CUST02658,Aisha Verma,Female,52,Bengaluru,Karnataka,South,Silver,Consumer
CUST02659,Divya Iyer,Female,48,Siliguri,West Bengal,East,Platinum,Home Office
CUST02660,Vivaan Das,Male,37,Bengaluru,Karnataka,South,Gold,Home Office
CUST02661,Aditya Gupta,Male,73,Durgapur,West Bengal,East,Silver,Consumer
CUST02662,Vivaan Gupta,Male,57,Chennai,Tamil Nadu,South,Silver,Consumer
CUST02663,Divya Gupta,Female,25,Pune,Maharashtra,West,Silver,Consumer
CUST02664,Amit Das,Male,57,Saket,Delhi,North,Silver,Consumer
CUST02665,Suresh Patel,Male,18,Nashik,Maharashtra,West,Platinum,Consumer
CUST02666,Meera Verma,Female,20,Durgapur,West Bengal,East,Gold,Consumer
CUST02667,Aisha Sharma,Female,26,Ajmer,Rajasthan,North,Silver,Corporate
CUST02668,Meera Joshi,Female,37,Varanasi,Uttar Pradesh,North,Silver,Corporate
CUST02669,Karan Kulkarni,Male,54,Mumbai,Maharashtra,West,Gold,Consumer
CUST02670,Rohan Verma,Male,60,Lucknow,Uttar Pradesh,North,Gold,Corporate
CUST02671,Vikram Singh,Male,28,Nashik,Maharashtra,West,Silver,Corporate
CUST02672,Arjun Gupta,Male,75,Mysuru,Karnataka,South,Gold,Consumer
CUST02673,Neha Nair,Female,75,Pune,Maharashtra,West,Gold,Consumer
CUST02674,Priya Gupta,Female,41,Asansol,West Bengal,East,Silver,Corporate
CUST02675,Aisha Singh,Female,25,Kanpur,Uttar Pradesh,North,Silver,Consumer
CUST02676,Amit Joshi,Male,73,Gandhinagar,Gujarat,West,Gold,Consumer
CUST02677,Arjun Joshi,Male,40,Mysuru,Karnataka,South,Gold,Corporate
CUST02678,Rahul Singh,Male,66,Rohini,Delhi,North,Gold,Consumer
CUST02679,Meera Das,Female,75,Nagpur,Maharashtra,West,Gold,Consumer
CUST02680,Rahul Das,Male,68,Vadodara,Gujarat,West,Silver,Consumer
CUST02681,Vikram Verma,Male,75,Howrah,West Bengal,East,Silver,Consumer
CUST02682,Aarav Sharma,Male,27,Coimbatore,Tamil Nadu,South,Platinum,Consumer
CUST02683,Priya Verma,Female,44,Salem,Tamil Nadu,South,Silver,Home Office
CUST02684,Pooja Sharma,Female,22,Salem,Tamil Nadu,South,Silver,Consumer
CUST02685,Aarav Singh,Male,44,Coimbatore,Tamil Nadu,South,Silver,Corporate
CUST02686,Vivaan Joshi,Male,46,Madurai,Tamil Nadu,South,Silver,Consumer
CUST02687,Kavya Das,Female,72,Salem,Tamil Nadu,South,Silver,Consumer
CUST02688,Suresh Joshi,Male,60,Pune,Maharashtra,West,Silver,Consumer
CUST02689,Priya Kulkarni,Female,74,Jodhpur,Rajasthan,North,Gold,Consumer
CUST02690,Priya Kulkarni,Female,38,Coimbatore,Tamil Nadu,South,Silver,Consumer
CUST02691,Divya Patel,Female,73,Kolkata,West Bengal,East,Gold,Corporate
CUST02692,Priya Singh,Female,18,Karol Bagh,Delhi,North,Gold,Consumer
CUST02693,Kavya Verma,Female,32,Rohini,Delhi,North,Silver,Corporate
CUST02694,Aarav Verma,Male,65,Gandhinagar,Gujarat,West,Silver,Consumer
CUST02695,Riya Sharma,Female,34,Jodhpur,Rajasthan,North,Gold,Consumer
CUST02696,Aisha Joshi,Female,38,Dwarka,Delhi,North,Gold,Consumer
CUST02697,Vivaan Singh,Male,71,New Delhi,Delhi,North,Silver,Corporate
CUST02698,Vivaan Gupta,Male,70,Saket,Delhi,North,Gold,Home Office
CUST02699,Rohan Nair,Male,42,Kanpur,Uttar Pradesh,North,Silver,Consumer
CUST02700,Karan Das,Male,62,Kanpur,Uttar Pradesh,North,Platinum,Corporate
CUST02701,Pooja Sharma,Female,59,Rajkot,Gujarat,West,Gold,Consumer
CUST02702,Meera Sharma,Female,62,Mysuru,Karnataka,South,Silver,Consumer
CUST02703,Arjun Kulkarni,Male,56,Thane,Maharashtra,West,Platinum,Consumer
CUST02704,Suresh Gupta,Male,49,Mysuru,Karnataka,South,Silver,Home Office
CUST02705,Suresh Sharma,Male,59,Salem,Tamil Nadu,South,Silver,Consumer
CUST02706,Riya Verma,Female,41,Durgapur,West Bengal,East,Gold,Consumer
CUST02707,Aarav Kulkarni,Male,47,Gandhinagar,Gujarat,West,Gold,Consumer
CUST02708,Divya Sharma,Female,69,Belagavi,Karnataka,South,Gold,Corporate
CUST02709,Sneha Nair,Female,69,Ajmer,Rajasthan,North,Gold,Home Office
CUST02710,Priya Sharma,Female,42,Saket,Delhi,North,Platinum,Corporate
CUST02711,Aditya Nair,Male,18,Siliguri,West Bengal,East,Silver,Consumer
CUST02712,Vikram Das,Male,65,Durgapur,West Bengal,East,Silver,Home Office
CUST02713,Aarav Joshi,Male,68,Dwarka,Delhi,North,Silver,Consumer
CUST02714,Aditya Kulkarni,Male,28,Nashik,Maharashtra,West,Silver,Consumer
CUST02715,Kavya Nair,Female,55,Pune,Maharashtra,West,Gold,Consumer
CUST02716,Vivaan Verma,Male,55,Karol Bagh,Delhi,North,Silver,Consumer
CUST02717,Neha Das,Female,66,Salem,Tamil Nadu,South,Silver,Home Office
CUST02718,Rohan Singh,Male,28,Rohini,Delhi,North,Gold,Consumer
CUST02719,Divya Patel,Female,75,Siliguri,West Bengal,East,Gold,Corporate
CUST02720,Priya Joshi,Female,56,Durgapur,West Bengal,East,Silver,Consumer
CUST02721,Suresh Patel,Male,61,Rohini,Delhi,North,Silver,Corporate
CUST02722,Aditya Joshi,Male,22,Coimbatore,Tamil Nadu,South,Silver,Consumer
CUST02723,Aisha Nair,Female,44,Saket,Delhi,North,Silver,Consumer
CUST02724,Rohan Kulkarni,Male,58,Varanasi,Uttar Pradesh,North,Silver,Consumer
CUST02725,Vivaan Das,Male,64,Coimbatore,Tamil Nadu,South,Gold,Consumer
CUST02726,Neha Joshi,Female,47,Durgapur,West Bengal,East,Silver,Corporate
CUST02727,Karan Kulkarni,Male,31,Kolkata,West Bengal,East,Silver,Consumer
CUST02728,Sneha Iyer,Female,19,Salem,Tamil Nadu,South,Platinum,Consumer
CUST02729,Ananya Verma,Female,41,Belagavi,Karnataka,South,Silver,Consumer
CUST02730,Priya Joshi,Female,38,Asansol,West Bengal,East,Gold,Consumer
CUST02731,Neha Gupta,Female,63,Durgapur,West Bengal,East,Silver,Corporate
CUST02732,Karan Singh,Male,70,Nashik,Maharashtra,West,Platinum,Consumer
CUST02733,Divya Patel,Female,59,Gandhinagar,Gujarat,West,Gold,Consumer
CUST02734,Vikram Joshi,Male,19,Coimbatore,Tamil Nadu,South,Silver,Corporate
CUST02735,Riya Nair,Female,34,Saket,Delhi,North,Silver,Consumer
CUST02736,Vivaan Gupta,Male,25,Rajkot,Gujarat,West,Silver,Consumer
CUST02737,Suresh Gupta,Male,51,Saket,Delhi,North,Silver,Consumer
CUST02738,Riya Sharma,Female,50,New Delhi,Delhi,North,Silver,Corporate
CUST02739,Ananya Singh,Female,56,Durgapur,West Bengal,East,Silver,Home Office
CUST02740,Rahul Sharma,Male,61,Ajmer,Rajasthan,North,Gold,Corporate
CUST02741,Rahul Patel,Male,36,Karol Bagh,Delhi,North,Silver,Consumer
CUST02742,Priya Patel,Female,68,Kanpur,Uttar Pradesh,North,Gold,Consumer
CUST02743,Vikram Gupta,Male,47,New Delhi,Delhi,North,Silver,Consumer
CUST02744,Sneha Joshi,Female,20,Howrah,West Bengal,East,Platinum,Home Office
CUST02745,Aisha Kulkarni,Female,21,Kolkata,West Bengal,East,Gold,Consumer
CUST02746,Aisha Singh,Female,42,Asansol,West Bengal,East,Platinum,Consumer
CUST02747,Suresh Iyer,Male,51,Kota,Rajasthan,North,Silver,Consumer
CUST02748,Neha Gupta,Female,54,Bengaluru,Karnataka,South,Silver,Consumer
CUST02749,Arjun Patel,Male,31,Lucknow,Uttar Pradesh,North,Gold,Consumer
CUST02750,Karan Singh,Male,48,Howrah,West Bengal,East,Silver,Consumer
CUST02751,Amit Verma,Male,46,Salem,Tamil Nadu,South,Gold,Corporate
CUST02752,Sneha Sharma,Female,67,Chennai,Tamil Nadu,South,Silver,Corporate
CUST02753,Arjun Sharma,Male,30,Coimbatore,Tamil Nadu,South,Gold,Consumer
CUST02754,Pooja Kulkarni,Female,40,Jaipur,Rajasthan,North,Silver,Consumer
CUST02755,Vivaan Verma,Male,40,Durgapur,West Bengal,East,Gold,Corporate
CUST02756,Aditya Iyer,Male,27,Dwarka,Delhi,North,Platinum,Consumer
CUST02757,Neha Joshi,Female,38,Lucknow,Uttar Pradesh,North,Gold,Consumer
CUST02758,Riya Das,Female,63,Ahmedabad,Gujarat,West,Gold,Consumer
CUST02759,Amit Kulkarni,Male,56,Thane,Maharashtra,West,Gold,Corporate
CUST02760,Riya Joshi,Female,43,Madurai,Tamil Nadu,South,Gold,Consumer
CUST02761,Pooja Joshi,Female,54,Salem,Tamil Nadu,South,Gold,Home Office
CUST02762,Vivaan Sharma,Male,21,Nagpur,Maharashtra,West,Silver,Consumer
CUST02763,Riya Singh,Female,73,Karol Bagh,Delhi,North,Gold,Consumer
CUST02764,Meera Kulkarni,Female,73,Noida,Uttar Pradesh,North,Silver,Consumer
CUST02765,Meera Singh,Female,46,Belagavi,Karnataka,South,Gold,Corporate
CUST02766,Neha Joshi,Female,47,New Delhi,Delhi,North,Gold,Corporate
CUST02767,Rohan Kulkarni,Male,36,Noida,Uttar Pradesh,North,Gold,Consumer
CUST02768,Suresh Verma,Male,20,Varanasi,Uttar Pradesh,North,Platinum,Consumer
CUST02769,Suresh Gupta,Male,52,Mumbai,Maharashtra,West,Silver,Consumer
CUST02770,Amit Patel,Male,43,Gandhinagar,Gujarat,West,Gold,Home Office
CUST02771,Suresh Iyer,Male,32,Pune,Maharashtra,West,Silver,Consumer
CUST02772,Priya Kulkarni,Female,74,Jaipur,Rajasthan,North,Gold,Consumer
CUST02773,Vikram Das,Male,70,Mumbai,Maharashtra,West,Platinum,Consumer
CUST02774,Divya Gupta,Female,24,Rohini,Delhi,North,Silver,Corporate
CUST02775,Amit Nair,Male,25,Mysuru,Karnataka,South,Silver,Home Office
CUST02776,Ananya Gupta,Female,25,Noida,Uttar Pradesh,North,Platinum,Consumer
CUST02777,Karan Nair,Male,56,Surat,Gujarat,West,Silver,Consumer
CUST02778,Vikram Nair,Male,62,Ahmedabad,Gujarat,West,Platinum,Consumer
CUST02779,Ananya Sharma,Female,62,Ajmer,Rajasthan,North,Silver,Corporate
CUST02780,Amit Das,Male,50,Noida,Uttar Pradesh,North,Silver,Corporate
CUST02781,Riya Das,Female,60,Lucknow,Uttar Pradesh,North,Silver,Consumer
CUST02782,Pooja Patel,Female,43,Mysuru,Karnataka,South,Silver,Consumer
CUST02783,Sneha Gupta,Female,34,Nagpur,Maharashtra,West,Silver,Consumer
CUST02784,Karan Joshi,Male,38,Jodhpur,Rajasthan,North,Gold,Corporate
CUST02785,Aisha Gupta,Female,47,Kolkata,West Bengal,East,Gold,Corporate
CUST02786,Sneha Iyer,Female,66,Salem,Tamil Nadu,South,Silver,Consumer
CUST02787,Rahul Patel,Male,50,Jodhpur,Rajasthan,North,Gold,Consumer
CUST02788,Divya Sharma,Female,20,Ajmer,Rajasthan,North,Silver,Consumer
CUST02789,Divya Singh,Female,74,Siliguri,West Bengal,East,Gold,Consumer
CUST02790,Vivaan Sharma,Male,47,Dwarka,Delhi,North,Silver,Corporate
CUST02791,Vikram Verma,Male,27,Surat,Gujarat,West,Gold,Consumer
CUST02792,Riya Nair,Female,20,Madurai,Tamil Nadu,South,Silver,Corporate
CUST02793,Priya Das,Female,72,Kota,Rajasthan,North,Gold,Consumer
CUST02794,Aarav Das,Male,54,Trichy,Tamil Nadu,South,Silver,Corporate
CUST02795,Aarav Patel,Male,23,Nagpur,Maharashtra,West,Gold,Consumer
CUST02796,Riya Sharma,Female,51,Jodhpur,Rajasthan,North,Silver,Consumer
CUST02797,Sneha Sharma,Female,31,Agra,Uttar Pradesh,North,Platinum,Home Office
CUST02798,Sneha Nair,Female,56,Belagavi,Karnataka,South,Silver,Consumer
CUST02799,Ananya Patel,Female,47,Gandhinagar,Gujarat,West,Gold,Consumer
CUST02800,Amit Nair,Male,26,Howrah,West Bengal,East,Silver,Consumer
CUST02801,Karan Verma,Male,23,Bengaluru,Karnataka,South,Silver,Consumer
CUST02802,Meera Kulkarni,Female,75,Gandhinagar,Gujarat,West,Silver,Consumer
CUST02803,Vivaan Patel,Male,29,Asansol,West Bengal,East,Gold,Consumer
CUST02804,Meera Das,Female,48,Lucknow,Uttar Pradesh,North,Gold,Consumer
CUST02805,Sneha Das,Female,51,Nashik,Maharashtra,West,Silver,Corporate
CUST02806,Aditya Patel,Male,55,Varanasi,Uttar Pradesh,North,Silver,Consumer
CUST02807,Aisha Patel,Female,50,Bengaluru,Karnataka,South,Silver,Corporate
CUST02808,Arjun Sharma,Male,75,New Delhi,Delhi,North,Silver,Corporate
CUST02809,Aarav Kulkarni,Male,18,Asansol,West Bengal,East,Silver,Consumer
CUST02810,Sneha Patel,Female,49,Kota,Rajasthan,North,Gold,Consumer
CUST02811,Kavya Patel,Female,41,Jodhpur,Rajasthan,North,Gold,Consumer
CUST02812,Rahul Nair,Male,32,Varanasi,Uttar Pradesh,North,Silver,Consumer
CUST02813,Karan Sharma,Male,50,Ajmer,Rajasthan,North,Silver,Consumer
CUST02814,Suresh Kulkarni,Male,65,Belagavi,Karnataka,South,Silver,Corporate
CUST02815,Kavya Nair,Female,49,Saket,Delhi,North,Gold,Corporate
CUST02816,Rahul Singh,Male,28,Chennai,Tamil Nadu,South,Gold,Home Office
CUST02817,Karan Singh,Male,26,Udaipur,Rajasthan,North,Gold,Consumer
CUST02818,Aisha Iyer,Female,38,Trichy,Tamil Nadu,South,Gold,Consumer
CUST02819,Meera Patel,Female,69,Kanpur,Uttar Pradesh,North,Gold,Consumer
CUST02820,Vivaan Joshi,Male,51,Vadodara,Gujarat,West,Silver,Consumer
CUST02821,Vivaan Verma,Male,75,Surat,Gujarat,West,Silver,Consumer
CUST02822,Karan Joshi,Male,70,Bengaluru,Karnataka,South,Silver,Consumer
CUST02823,Meera Kulkarni,Female,68,Varanasi,Uttar Pradesh,North,Silver,Consumer
CUST02824,Aisha Verma,Female,25,Kolkata,West Bengal,East,Silver,Corporate
CUST02825,Vikram Joshi,Male,26,Mysuru,Karnataka,South,Silver,Consumer
CUST02826,Arjun Das,Male,55,Gandhinagar,Gujarat,West,Silver,Consumer
CUST02827,Vikram Verma,Male,73,Agra,Uttar Pradesh,North,Silver,Consumer
CUST02828,Rahul Iyer,Male,23,Vadodara,Gujarat,West,Platinum,Home Office
CUST02829,Suresh Kulkarni,Male,28,Siliguri,West Bengal,East,Silver,Consumer
CUST02830,Neha Das,Female,48,Hubli,Karnataka,South,Silver,Corporate
CUST02831,Arjun Patel,Male,49,Howrah,West Bengal,East,Silver,Consumer
CUST02832,Kavya Singh,Female,55,Noida,Uttar Pradesh,North,Silver,Corporate
CUST02833,Aditya Sharma,Male,38,Kanpur,Uttar Pradesh,North,Silver,Consumer
CUST02834,Pooja Joshi,Female,62,Kota,Rajasthan,North,Silver,Consumer
CUST02835,Vikram Nair,Male,46,Siliguri,West Bengal,East,Gold,Consumer
CUST02836,Ananya Patel,Female,73,New Delhi,Delhi,North,Gold,Consumer
CUST02837,Aarav Joshi,Male,71,Mangaluru,Karnataka,South,Platinum,Consumer
CUST02838,Rahul Sharma,Male,28,Howrah,West Bengal,East,Silver,Home Office
CUST02839,Suresh Iyer,Male,23,Kanpur,Uttar Pradesh,North,Gold,Consumer
CUST02840,Divya Joshi,Female,37,Kolkata,West Bengal,East,Silver,Consumer
CUST02841,Rohan Nair,Male,32,Varanasi,Uttar Pradesh,North,Gold,Consumer
CUST02842,Aditya Joshi,Male,68,Bengaluru,Karnataka,South,Silver,Consumer
CUST02843,Rohan Verma,Male,25,Karol Bagh,Delhi,North,Silver,Consumer
CUST02844,Amit Singh,Male,66,Kanpur,Uttar Pradesh,North,Silver,Consumer
CUST02845,Riya Verma,Female,74,Chennai,Tamil Nadu,South,Silver,Corporate
CUST02846,Suresh Verma,Male,37,Rohini,Delhi,North,Silver,Consumer
CUST02847,Vikram Kulkarni,Male,73,Vadodara,Gujarat,West,Silver,Consumer
CUST02848,Neha Das,Female,69,Nagpur,Maharashtra,West,Gold,Corporate
CUST02849,Arjun Gupta,Male,39,Siliguri,West Bengal,East,Silver,Consumer
CUST02850,Priya Patel,Female,35,Kolkata,West Bengal,East,Silver,Consumer
CUST02851,Ananya Singh,Female,69,Nagpur,Maharashtra,West,Gold,Consumer
CUST02852,Vivaan Nair,Male,64,Hubli,Karnataka,South,Gold,Consumer
CUST02853,Priya Das,Female,38,Mysuru,Karnataka,South,Silver,Consumer
CUST02854,Ananya Nair,Female,64,Gandhinagar,Gujarat,West,Silver,Consumer
CUST02855,Ananya Gupta,Female,24,Jodhpur,Rajasthan,North,Gold,Consumer
CUST02856,Aarav Sharma,Male,67,Mysuru,Karnataka,South,Silver,Consumer
CUST02857,Vikram Gupta,Male,21,Udaipur,Rajasthan,North,Silver,Consumer
CUST02858,Divya Das,Female,60,Howrah,West Bengal,East,Silver,Consumer
CUST02859,Pooja Nair,Female,52,Siliguri,West Bengal,East,Gold,Consumer
CUST02860,Kavya Sharma,Female,67,Rohini,Delhi,North,Silver,Consumer
CUST02861,Vikram Nair,Male,30,Rajkot,Gujarat,West,Gold,Consumer
CUST02862,Karan Patel,Male,60,Madurai,Tamil Nadu,South,Silver,Consumer
CUST02863,Riya Sharma,Female,65,Surat,Gujarat,West,Gold,Consumer
CUST02864,Rohan Joshi,Male,25,Nashik,Maharashtra,West,Silver,Consumer
CUST02865,Riya Singh,Female,66,Salem,Tamil Nadu,South,Silver,Home Office
CUST02866,Rohan Sharma,Male,30,Nagpur,Maharashtra,West,Silver,Home Office
CUST02867,Aisha Nair,Female,21,Bengaluru,Karnataka,South,Silver,Consumer
CUST02868,Riya Patel,Female,30,Mumbai,Maharashtra,West,Platinum,Consumer
CUST02869,Vikram Patel,Male,30,Saket,Delhi,North,Silver,Consumer
CUST02870,Aditya Verma,Male,34,Belagavi,Karnataka,South,Silver,Consumer
CUST02871,Vivaan Iyer,Male,42,Pune,Maharashtra,West,Gold,Consumer
CUST02872,Divya Nair,Female,67,Chennai,Tamil Nadu,South,Silver,Consumer
CUST02873,Meera Patel,Female,21,Durgapur,West Bengal,East,Silver,Consumer
CUST02874,Karan Das,Male,50,Jaipur,Rajasthan,North,Silver,Consumer
CUST02875,Karan Das,Male,59,Dwarka,Delhi,North,Platinum,Corporate
CUST02876,Neha Iyer,Female,65,Salem,Tamil Nadu,South,Platinum,Home Office
CUST02877,Divya Singh,Female,48,Agra,Uttar Pradesh,North,Silver,Corporate
CUST02878,Amit Iyer,Male,59,Howrah,West Bengal,East,Gold,Consumer
CUST02879,Ananya Iyer,Female,54,Udaipur,Rajasthan,North,Silver,Consumer
CUST02880,Aisha Singh,Female,74,Chennai,Tamil Nadu,South,Silver,Consumer
CUST02881,Meera Nair,Female,65,Karol Bagh,Delhi,North,Gold,Home Office
CUST02882,Aarav Das,Male,32,Trichy,Tamil Nadu,South,Silver,Consumer
CUST02883,Aditya Gupta,Male,29,Salem,Tamil Nadu,South,Silver,Corporate
CUST02884,Vivaan Nair,Male,47,Agra,Uttar Pradesh,North,Platinum,Home Office
CUST02885,Aisha Kulkarni,Female,26,Mangaluru,Karnataka,South,Silver,Consumer
CUST02886,Rahul Singh,Male,24,Dwarka,Delhi,North,Gold,Home Office
CUST02887,Pooja Das,Female,40,Coimbatore,Tamil Nadu,South,Silver,Corporate
CUST02888,Suresh Singh,Male,47,Jaipur,Rajasthan,North,Silver,Consumer
CUST02889,Vikram Nair,Male,75,Salem,Tamil Nadu,South,Silver,Consumer
CUST02890,Divya Gupta,Female,32,Bengaluru,Karnataka,South,Platinum,Consumer
CUST02891,Ananya Das,Female,68,Ahmedabad,Gujarat,West,Silver,Consumer
CUST02892,Priya Iyer,Female,70,New Delhi,Delhi,North,Silver,Home Office
CUST02893,Karan Singh,Male,32,Saket,Delhi,North,Silver,Corporate
CUST02894,Suresh Verma,Male,54,Vadodara,Gujarat,West,Silver,Consumer
CUST02895,Aisha Verma,Female,69,Agra,Uttar Pradesh,North,Silver,Corporate
CUST02896,Aditya Singh,Male,41,Ajmer,Rajasthan,North,Silver,Consumer
CUST02897,Sneha Nair,Female,21,Pune,Maharashtra,West,Silver,Consumer
CUST02898,Aarav Nair,Male,19,Lucknow,Uttar Pradesh,North,Gold,Consumer
CUST02899,Ananya Patel,Female,66,Agra,Uttar Pradesh,North,Gold,Consumer
CUST02900,Aarav Nair,Male,45,Surat,Gujarat,West,Silver,Consumer
CUST02901,Ananya Sharma,Female,59,Udaipur,Rajasthan,North,Gold,Consumer
CUST02902,Divya Das,Female,20,Siliguri,West Bengal,East,Silver,Consumer
CUST02903,Kavya Das,Female,37,Belagavi,Karnataka,South,Silver,Consumer
CUST02904,Neha Kulkarni,Female,21,Howrah,West Bengal,East,Gold,Corporate
CUST02905,Kavya Iyer,Female,56,Trichy,Tamil Nadu,South,Silver,Consumer
CUST02906,Rohan Singh,Male,56,Vadodara,Gujarat,West,Platinum,Corporate
CUST02907,Priya Kulkarni,Female,24,Coimbatore,Tamil Nadu,South,Gold,Home Office
CUST02908,Rahul Verma,Male,47,Rajkot,Gujarat,West,Silver,Consumer
CUST02909,Aarav Das,Male,23,Kota,Rajasthan,North,Gold,Corporate
CUST02910,Divya Kulkarni,Female,44,Siliguri,West Bengal,East,Platinum,Corporate
CUST02911,Sneha Singh,Female,41,Siliguri,West Bengal,East,Gold,Corporate
CUST02912,Rahul Sharma,Male,71,Hubli,Karnataka,South,Gold,Home Office
CUST02913,Aisha Sharma,Female,47,Chennai,Tamil Nadu,South,Gold,Consumer
CUST02914,Vikram Iyer,Male,20,Mumbai,Maharashtra,West,Silver,Consumer
CUST02915,Pooja Joshi,Female,61,Dwarka,Delhi,North,Platinum,Corporate
CUST02916,Aarav Joshi,Male,64,Nashik,Maharashtra,West,Gold,Corporate
CUST02917,Vikram Das,Male,18,Surat,Gujarat,West,Silver,Consumer
CUST02918,Priya Iyer,Female,43,Kota,Rajasthan,North,Silver,Home Office
CUST02919,Vivaan Singh,Male,22,Dwarka,Delhi,North,Silver,Corporate
CUST02920,Aisha Joshi,Female,46,Agra,Uttar Pradesh,North,Silver,Consumer
CUST02921,Pooja Singh,Female,39,Mysuru,Karnataka,South,Silver,Home Office
CUST02922,Vivaan Nair,Male,37,Howrah,West Bengal,East,Platinum,Home Office
CUST02923,Ananya Kulkarni,Female,49,Howrah,West Bengal,East,Silver,Home Office
CUST02924,Vikram Kulkarni,Male,57,Madurai,Tamil Nadu,South,Gold,Consumer
CUST02925,Suresh Sharma,Male,26,New Delhi,Delhi,North,Silver,Consumer
CUST02926,Aditya Joshi,Male,69,Ajmer,Rajasthan,North,Silver,Corporate
CUST02927,Rohan Nair,Male,44,Coimbatore,Tamil Nadu,South,Silver,Consumer
CUST02928,Suresh Sharma,Male,27,Gandhinagar,Gujarat,West,Silver,Consumer
CUST02929,Divya Verma,Female,36,Agra,Uttar Pradesh,North,Gold,Home Office
CUST02930,Sneha Kulkarni,Female,60,Siliguri,West Bengal,East,Gold,Consumer
CUST02931,Neha Gupta,Female,44,Salem,Tamil Nadu,South,Gold,Consumer
CUST02932,Aisha Patel,Female,31,Kota,Rajasthan,North,Silver,Consumer
CUST02933,Priya Nair,Female,55,Kanpur,Uttar Pradesh,North,Silver,Corporate
CUST02934,Aditya Iyer,Male,32,Gandhinagar,Gujarat,West,Platinum,Consumer
CUST02935,Riya Gupta,Female,31,Vadodara,Gujarat,West,Silver,Consumer
CUST02936,Divya Patel,Female,31,Coimbatore,Tamil Nadu,South,Platinum,Consumer
CUST02937,Ananya Sharma,Female,32,Rohini,Delhi,North,Gold,Consumer
CUST02938,Aarav Nair,Male,47,Vadodara,Gujarat,West,Gold,Corporate
CUST02939,Aarav Das,Male,37,Trichy,Tamil Nadu,South,Gold,Consumer
CUST02940,Priya Joshi,Female,21,Mysuru,Karnataka,South,Gold,Consumer
CUST02941,Sneha Kulkarni,Female,22,Jodhpur,Rajasthan,North,Silver,Consumer
CUST02942,Rohan Gupta,Male,68,Rohini,Delhi,North,Silver,Consumer
CUST02943,Arjun Sharma,Male,50,Udaipur,Rajasthan,North,Platinum,Consumer
CUST02944,Riya Kulkarni,Female,35,Mangaluru,Karnataka,South,Silver,Corporate
CUST02945,Sneha Singh,Female,35,Saket,Delhi,North,Silver,Consumer
CUST02946,Aditya Joshi,Male,30,Bengaluru,Karnataka,South,Gold,Corporate
CUST02947,Divya Singh,Female,42,Hubli,Karnataka,South,Silver,Consumer
CUST02948,Pooja Das,Female,53,Karol Bagh,Delhi,North,Silver,Consumer
CUST02949,Vikram Joshi,Male,72,Belagavi,Karnataka,South,Platinum,Consumer
CUST02950,Rohan Verma,Male,44,Mangaluru,Karnataka,South,Gold,Consumer
CUST02951,Sneha Sharma,Female,71,Asansol,West Bengal,East,Gold,Corporate
CUST02952,Arjun Joshi,Male,38,Gandhinagar,Gujarat,West,Silver,Consumer
CUST02953,Neha Sharma,Female,65,Trichy,Tamil Nadu,South,Gold,Corporate
CUST02954,Vivaan Das,Male,46,Mysuru,Karnataka,South,Platinum,Consumer
CUST02955,Vikram Sharma,Male,75,Asansol,West Bengal,East,Platinum,Consumer
CUST02956,Rohan Das,Male,38,Bengaluru,Karnataka,South,Silver,Corporate
CUST02957,Priya Joshi,Female,66,Gandhinagar,Gujarat,West,Silver,Corporate
CUST02958,Ananya Singh,Female,25,Mangaluru,Karnataka,South,Gold,Corporate
CUST02959,Rohan Gupta,Male,39,Jodhpur,Rajasthan,North,Silver,Consumer
CUST02960,Kavya Patel,Female,52,Surat,Gujarat,West,Silver,Consumer
CUST02961,Arjun Das,Male,65,Coimbatore,Tamil Nadu,South,Platinum,Consumer
CUST02962,Sneha Joshi,Female,72,Lucknow,Uttar Pradesh,North,Platinum,Consumer
CUST02963,Rahul Patel,Male,46,Rajkot,Gujarat,West,Gold,Consumer
CUST02964,Rahul Iyer,Male,51,Asansol,West Bengal,East,Silver,Consumer
CUST02965,Amit Kulkarni,Male,65,Lucknow,Uttar Pradesh,North,Platinum,Consumer
CUST02966,Ananya Singh,Female,21,Coimbatore,Tamil Nadu,South,Platinum,Consumer
CUST02967,Divya Kulkarni,Female,67,Gandhinagar,Gujarat,West,Gold,Consumer
CUST02968,Vivaan Das,Male,47,Varanasi,Uttar Pradesh,North,Silver,Corporate
CUST02969,Aarav Das,Male,43,Kota,Rajasthan,North,Silver,Home Office
CUST02970,Priya Patel,Female,50,Madurai,Tamil Nadu,South,Gold,Corporate
